Pages	Language	LanguageGroup	German	English	Indonesian	Forms	OldFormOrig	OldFormChange
598	Malaienländer	Sumātra	Frau	Woman	Perempuan	Orang-perampuan	Orang-perampuan	
598	Singkel	Sumātra	Frau	Woman	Perempuan	Debarru	Debarru	
598	Banjak-Inseln	Inselgruppen weftlich von Sumātra	Frau	Woman	Perempuan	Silawé	Silawé	
598	Mentawej-Inseln	Inselgruppen weftlich von Sumātra	Frau	Woman	Perempuan	sinanaleb	sinanaleb	
598	Nias	Inselgruppen weftlich von Sumātra	Frau	Woman	Perempuan	iraälāwé	iraälāwé	
598	Engano	Inselgruppen weftlich von Sumātra	Frau	Woman	Perempuan	fakka-howdah	fakka-howdah	
598	Gorontalo	Selēbes	Frau	Woman	Perempuan	tābǔǎ	tābǔǎ	
598	Togean-Inseln	Selēbes	Frau	Woman	Perempuan	wèǎ	wèǎ	
598	Wammer	Aru-Inseln	Frau	Woman	Perempuan	kodar	kodar	
598	Wonumbai	Aru-Inseln	Frau	Woman	Perempuan	kodar	kodar	
598	Trangan	Aru-Inseln	Frau	Woman	Perempuan	korkoder	korkoder	
598	Koor	Südofter-Inseln	Frau	Woman	Perempuan	memviena	memviena	
598	Tijoor	Südofter-Inseln	Frau	Woman	Perempuan	gemum	gemum	
598	Kei-Inseln	Südofter-Inseln	Frau	Woman	Perempuan	watwat	watwat	
598	Watubella	Südofter-Inseln	Frau	Woman	Perempuan	hilara	hilara	
598	Goram	Südofter-Inseln	Frau	Woman	Perempuan	wawiena	wawiena	
598	Karufa	Neuguinea	Frau	Woman	Perempuan	maisoida	maisoida	
598	Nufoor	Neuguinea	Frau	Woman	Perempuan	bien	bien	
598	Andai	Neuguinea	Frau	Woman	Perempuan	armaan	armaan	
598	Hattam	Neuguinea	Frau	Woman	Perempuan	sobah	sobah	
598	Malaienländer	Sumātra	Kind	Child	Anak	Auak	Auak	
598	Singkel	Sumātra	Kind	Child	Anak	Anu	Anu	
598	Banjak-Inseln	Inselgruppen weftlich von Sumātra	Kind	Child	Anak	Auah	Auah	
598	Mentawej-Inseln	Inselgruppen weftlich von Sumātra	Kind	Child	Anak	toga	toga	
598	Nias	Inselgruppen weftlich von Sumātra	Kind	Child	Anak	ono	ono	
598	Engano	Inselgruppen weftlich von Sumātra	Kind	Child	Anak	harah	harah	
598	Gorontalo	Selēbes	Kind	Child	Anak	walao	walao	
598	Togean-Inseln	Selēbes	Kind	Child	Anak	ana	ana	
598	Wammer	Aru-Inseln	Kind	Child	Anak	gakwadja	gakwadja	
598	Wonumbai	Aru-Inseln	Kind	Child	Anak	goga	goga	
598	Trangan	Aru-Inseln	Kind	Child	Anak	gaga	gaga	
598	Koor	Südofter-Inseln	Kind	Child	Anak	bobobor	bobobor	
598	Tijoor	Südofter-Inseln	Kind	Child	Anak	luar	luar	
598	Kei-Inseln	Südofter-Inseln	Kind	Child	Anak	anan	anan	
598	Watubella	Südofter-Inseln	Kind	Child	Anak	onena	onena	
598	Goram	Südofter-Inseln	Kind	Child	Anak	anak	anak	
598	Karufa	Neuguinea	Kind	Child	Anak	tameneitu	tameneitu	
598	Nufoor	Neuguinea	Kind	Child	Anak	romāwa	romāwa	
598	Hattam	Neuguinea	Kind	Child	Anak	mongguma	mongguma	
598	Malaienländer	Sumātra	Mann	Man	Pria	Orang-laki~laki	Orang-lakilaki	Orang-laki~laki
598	Singkel	Sumātra	Mann	Man	Pria	Daholin	Daholin	
598	Banjak-Inseln	Inselgruppen weftlich von Sumātra	Mann	Man	Pria	Silahé	Silahé	
598	Mentawej-Inseln	Inselgruppen weftlich von Sumātra	Mann	Man	Pria	temandéju	temandéju	
598	Nias	Inselgruppen weftlich von Sumātra	Mann	Man	Pria	iramatua	iramatua	
598	Engano	Inselgruppen weftlich von Sumātra	Mann	Man	Pria	fakka-manie	fakka-manie	
598	Gorontalo	Selēbes	Mann	Man	Pria	bangké	bangké	
598	Togean-Inseln	Selēbes	Mann	Man	Pria	longgai	longgai	
598	Wammer	Aru-Inseln	Mann	Man	Pria	lessie	lessie	
598	Wammer	Aru-Inseln	Mann	Man	Pria	lessie	lessie	
598	Trangan	Aru-Inseln	Mann	Man	Pria	lelefir	lelefir	
598	Koor	Südofter-Inseln	Mann	Man	Pria	menrana	menrana	
598	Tijoor	Südofter-Inseln	Mann	Man	Pria	djau	djau	
598	Kei-Inseln	Südofter-Inseln	Mann	Man	Pria	branran	branran	
598	Watubella	Südofter-Inseln	Mann	Man	Pria	maranna	maranna	
598	Goram	Südofter-Inseln	Mann	Man	Pria	uranna	uranna	
598	Karufa	Neuguinea	Mann	Man	Pria	mutangki	mutangki	
598	Nufoor	Neuguinea	Mann	Man	Pria	snun	snun	
598	Andai	Neuguinea	Mann	Man	Pria	arpeon	arpeon	
598	Hattam	Neuguinea	Mann	Man	Pria	tungutunga	tungutunga	
598	Malaienländer	Sumātra	Mensch	Man	Pria	Orang	Orang	
598	Singkel	Sumātra	Mensch	Man	Pria	Djelma	Djelma	
598	Banjak-Inseln	Inselgruppen weftlich von Sumātra	Mensch	Man	Pria	Atha	Atha	
598	Mentawej-Inseln	Inselgruppen weftlich von Sumātra	Mensch	Man	Pria	seribenūa	seribenūa	
598	Nias	Inselgruppen weftlich von Sumātra	Mensch	Man	Pria	niha	niha	
598	Engano	Inselgruppen weftlich von Sumātra	Mensch	Man	Pria	tāba	tāba	
598	Gorontalo	Selēbes	Mensch	Man	Pria	tau	tau	
598	Togean-Inseln	Selēbes	Mensch	Man	Pria	manusiea	manusiea	
598	Wammer	Aru-Inseln	Mensch	Man	Pria	tamatta	tamatta	
598	Wonumbai	Aru-Inseln	Mensch	Man	Pria	tamatta	tamatta	
598	Trangan	Aru-Inseln	Mensch	Man	Pria	tamatta	tamatta	
598	Koor	Südofter-Inseln	Mensch	Man	Pria	nongbie	nongbie	
598	Tijoor	Südofter-Inseln	Mensch	Man	Pria	melāwa	melāwa	
598	Watubella	Südofter-Inseln	Mensch	Man	Pria	manosia	manosia	
598	Goram	Südofter-Inseln	Mensch	Man	Pria	manusia	manusia	
598	Karufa	Neuguinea	Mensch	Man	Pria	mahri	mahri	
598	Nufoor	Neuguinea	Mensch	Man	Pria	snunkaku	snunkaku	
598	Andai	Neuguinea	Mensch	Man	Pria	tungmatau	tungmatau	
598	Hattam	Neuguinea	Mensch	Man	Pria	tungutung	tungutung	
598	Malaienländer	Sumātra	Sohn	son	Anak laki-laki	Auak-laki~laki	Auak-lakilaki	Auak-laki~laki
598	Singkel	Sumātra	Sohn	son	Anak laki-laki	Anu-daholie	Anu-daholie	
598	Banjak-Inseln	Inselgruppen weftlich von Sumātra	Sohn	son	Anak laki-laki	Auah-silahé	Auah-silahé	
598	Mentawej-Inseln	Inselgruppen weftlich von Sumātra	Sohn	son	Anak laki-laki	toga-temandéju	toga-temandéju	
598	Nias	Inselgruppen weftlich von Sumātra	Sohn	son	Anak laki-laki	ono-siramatua	ono-siramatua	
598	Engano	Inselgruppen weftlich von Sumātra	Sohn	son	Anak laki-laki	harah-manie	harah-manie	
598	Togean-Inseln	Selēbes	Sohn	son	Anak laki-laki	ana-longgai	ana-longgai	
598	Wammer	Aru-Inseln	Sohn	son	Anak laki-laki	gakwad-lessie	gakwad-lessie	
598	Wonumbai	Aru-Inseln	Sohn	son	Anak laki-laki	goga-lessie	goga-lessie	
598	Trangan	Aru-Inseln	Sohn	son	Anak laki-laki	gaga-lelefir	gaga-lelefir	
598	Koor	Südofter-Inseln	Sohn	son	Anak laki-laki	bobobor-menranna	bobobor-menranna	
598	Tijoor	Südofter-Inseln	Sohn	son	Anak laki-laki	luar-djau	luar-djau	
598	Watubella	Südofter-Inseln	Sohn	son	Anak laki-laki	onena-maranna	onena-maranna	
598	Goram	Südofter-Inseln	Sohn	son	Anak laki-laki	auak-uranna	auak-uranna	
598	Nufoor	Neuguinea	Sohn	son	Anak laki-laki	rumguhn	rumguhn	
598	Andai	Neuguinea	Sohn	son	Anak laki-laki	mokoraas	mokoraas	
598	Hattam	Neuguinea	Sohn	son	Anak laki-laki	monggumua	monggumua	
598	Malaienländer	Sumātra	Tochter	Daughter	Anak perempuan	Anak-perampuan	Anak-perampuan	
598	Singkel	Sumātra	Tochter	Daughter	Anak perempuan	Anu-dibarru	Anu-dibarru	
598	Banjak-Inseln	Inselgruppen weftlich von Sumātra	Tochter	Daughter	Anak perempuan	Ana-silawé	Ana-silawé	
598	Mentawej-Inseln	Inselgruppen weftlich von Sumātra	Tochter	Daughter	Anak perempuan	toga-sinanaleb	toga-sinanaleb	
598	Nias	Inselgruppen weftlich von Sumātra	Tochter	Daughter	Anak perempuan	ono-alāwé	ono-alāwé	
598	Engano	Inselgruppen weftlich von Sumātra	Tochter	Daughter	Anak perempuan	harah-howdah	harah-howdah	
598	Togean-Inseln	Selēbes	Tochter	Daughter	Anak perempuan	ana-wèǎ	ana-wèǎ	
598	Wammer	Aru-Inseln	Tochter	Daughter	Anak perempuan	gakwad kodar	gakw. kodar	gakwad kodar
598	Wonumbai	Aru-Inseln	Tochter	Daughter	Anak perempuan	goga-kodar	goga-kodar	
598	Trangan	Aru-Inseln	Tochter	Daughter	Anak perempuan	gaga-korkoder	gaga-korkoder	
598	Koor	Südofter-Inseln	Tochter	Daughter	Anak perempuan	bobobor memwiena	bob: memwiena	bobobor memwiena
598	Tijoor	Südofter-Inseln	Tochter	Daughter	Anak perempuan	luar gemum	luar gemum	
598	Watubella	Südofter-Inseln	Tochter	Daughter	Anak perempuan	onena-hilara	onena-hilara	
598	Goram	Südofter-Inseln	Tochter	Daughter	Anak perempuan	auak-wawiena	auak-wawiena	
598	Nufoor	Neuguinea	Tochter	Daughter	Anak perempuan	nai	nai	
598	Hattam	Neuguinea	Tochter	Daughter	Anak perempuan	sobaan	sobaan	
599	Malaienländer	Sumātra	Bruder	Brother	Saudara laki-laki	Sudara-laki~laki	Sudara-lakilaki	Sudara-laki~laki
599	Singkel	Sumātra	Bruder	Brother	Saudara laki-laki	Seninna-daholie	Seninna-daholie	
599	Banjak-Inseln	Inselgruppen weftlich von Sumātra	Bruder	Brother	Saudara laki-laki	Agie-silahé	Agie-silahé	
599	Mentawej-Inseln	Inselgruppen weftlich von Sumātra	Bruder	Brother	Saudara laki-laki	kebu	kebu	
599	Nias	Inselgruppen weftlich von Sumātra	Bruder	Brother	Saudara laki-laki	talifusso	talifusso	
599	Engano	Inselgruppen weftlich von Sumātra	Bruder	Brother	Saudara laki-laki	farah-manie	farah-manie	
599	Gorontalo	Selēbes	Bruder	Brother	Saudara laki-laki	utato	utato	
599	Togean-Inseln	Selēbes	Bruder	Brother	Saudara laki-laki	aingo-longgai	aingo-longgai	
599	Wammer	Aru-Inseln	Bruder	Brother	Saudara laki-laki	kakang-lessi	kakang-lessi	
599	Wonumbai	Aru-Inseln	Bruder	Brother	Saudara laki-laki	abula	abula	
599	Trangan	Aru-Inseln	Bruder	Brother	Saudara laki-laki	karmari-lelefie	karmari-lelefie	
599	Tijoor	Südofter-Inseln	Bruder	Brother	Saudara laki-laki	medar	medar	
599	Kei-Inseln	Südofter-Inseln	Bruder	Brother	Saudara laki-laki	warahno	warahno	
599	Goram	Südofter-Inseln	Bruder	Brother	Saudara laki-laki	nogurogu-urana	nogurogu-urana	
599	Nufoor	Neuguinea	Bruder	Brother	Saudara laki-laki	dejaai	dejaai	
599	Andai	Neuguinea	Bruder	Brother	Saudara laki-laki	dekangmaan	dekangmaan	
599	Hattam	Neuguinea	Bruder	Brother	Saudara laki-laki	nèkowoaan	nèkowoaan	
599	Malaienländer	Sumātra	Haar	Hair	Rambut	Rambut	Rambut	
599	Singkel	Sumātra	Haar	Hair	Rambut	Book	Book	
599	Banjak-Inseln	Inselgruppen weftlich von Sumātra	Haar	Hair	Rambut	Bo	Bo	
599	Mentawej-Inseln	Inselgruppen weftlich von Sumātra	Haar	Hair	Rambut	alei	alei	
599	Nias	Inselgruppen weftlich von Sumātra	Haar	Hair	Rambut	bu	bu	
599	Engano	Inselgruppen weftlich von Sumātra	Haar	Hair	Rambut	puru-ulu	puru-ulu	
599	Gorontalo	Selēbes	Haar	Hair	Rambut	fuwoö	fuwoö	
599	Togean-Inseln	Selēbes	Haar	Hair	Rambut	wuiua	wuiua	
599	Wammer	Aru-Inseln	Haar	Hair	Rambut	fuku	fuku	
599	Wonumbai	Aru-Inseln	Haar	Hair	Rambut	fuku	fuku	
599	Trangan	Aru-Inseln	Haar	Hair	Rambut	fuku	fuku	
599	Koor	Südofter-Inseln	Haar	Hair	Rambut	olintawen	olintawen	
599	Tijoor	Südofter-Inseln	Haar	Hair	Rambut	laht	laht	
599	Kei-Inseln	Südofter-Inseln	Haar	Hair	Rambut	maurut	maurut	
599	Watubella	Südofter-Inseln	Haar	Hair	Rambut	wua	wua	
599	Goram	Südofter-Inseln	Haar	Hair	Rambut	wu	wu	
599	Karufa	Neuguinea	Haar	Hair	Rambut	umuh-ulu	umuh-ulu	
599	Nufoor	Neuguinea	Haar	Hair	Rambut	buraim	buraim	
599	Andai	Neuguinea	Haar	Hair	Rambut	kapongua	kapongua	
599	Hattam	Neuguinea	Haar	Hair	Rambut	ibontha	ibontha	
599	Humboldtbai	Neuguinea	Haar	Hair	Rambut	gemuroh	gemuroh	
599	Malaienländer	Sumātra	Kopf	Head	Kepala	Kapala	Kapala	
599	Singkel	Sumātra	Kopf	Head	Kepala	Takal	Takal	
599	Banjak-Inseln	Inselgruppen weftlich von Sumātra	Kopf	Head	Kepala	Ulu	Ulu	
599	Mentawej-Inseln	Inselgruppen weftlich von Sumātra	Kopf	Head	Kepala	uté	uté	
599	Nias	Inselgruppen weftlich von Sumātra	Kopf	Head	Kepala	hohgo	hohgo	
599	Engano	Inselgruppen weftlich von Sumātra	Kopf	Head	Kepala	ulu	ulu	
599	Gorontalo	Selēbes	Kopf	Head	Kepala	lunggongo	lunggongo	
599	Togean-Inseln	Selēbes	Kopf	Head	Kepala	woö	woö	
599	Wammer	Aru-Inseln	Kopf	Head	Kepala	gulditabarri	gulditabarri	
599	Wonumbai	Aru-Inseln	Kopf	Head	Kepala	guling	guling	
599	Trangan	Aru-Inseln	Kopf	Head	Kepala	gultabbar	gultabbar	
599	Koor	Südofter-Inseln	Kopf	Head	Kepala	ulun	ulun	
599	Tijoor	Südofter-Inseln	Kopf	Head	Kepala	duru	duru	
599	Kei-Inseln	Südofter-Inseln	Kopf	Head	Kepala	un	un	
599	Watubella	Südofter-Inseln	Kopf	Head	Kepala	alu	alu	
599	Goram	Südofter-Inseln	Kopf	Head	Kepala	ilunin	ilunin	
599	Karufa	Neuguinea	Kopf	Head	Kepala	umuh	umuh	
599	Nufoor	Neuguinea	Kopf	Head	Kepala	rwuri	rwuri	
599	Andai	Neuguinea	Kopf	Head	Kepala	kapruapien	kapruapien	
599	Hattam	Neuguinea	Kopf	Head	Kepala	debonggawa	debonggawa	
599	Humboldtbai	Neuguinea	Kopf	Head	Kepala	wehrei	wehrei	
599	Malaienländer	Sumātra	Mutter	mother	ibu	Mai	Mai	
599	Singkel	Sumātra	Mutter	mother	ibu	Jnanga	Jnanga	
599	Banjak-Inseln	Inselgruppen weftlich von Sumātra	Mutter	mother	ibu	Nenne	Nenne	
599	Mentawej-Inseln	Inselgruppen weftlich von Sumātra	Mutter	mother	ibu	kmaman	kmaman	
599	Nias	Inselgruppen weftlich von Sumātra	Mutter	mother	ibu	ina	ina	
599	Engano	Inselgruppen weftlich von Sumātra	Mutter	mother	ibu	kabea	kabea	
599	Gorontalo	Selēbes	Mutter	mother	ibu	nahea	nahea	
599	Wammer	Aru-Inseln	Mutter	mother	ibu	djinang	djinang	
599	Wonumbai	Aru-Inseln	Mutter	mother	ibu	adjiena	adjiena	
599	Trangan	Aru-Inseln	Mutter	mother	ibu	djienne	djienne	
599	Koor	Südofter-Inseln	Mutter	mother	ibu	inan	inan	
599	Kei-Inseln	Südofter-Inseln	Mutter	mother	ibu	renan	renan	
599	Watubella	Südofter-Inseln	Mutter	mother	ibu	nina	nina	
599	Goram	Südofter-Inseln	Mutter	mother	ibu	nina	nina	
599	Nufoor	Neuguinea	Mutter	mother	ibu	maikri	maikri	
599	Andai	Neuguinea	Mutter	mother	ibu	demiehm	demiehm	
599	Hattam	Neuguinea	Mutter	mother	ibu	narmemma	narmemma	
599	Malaienländer	Sumātra	Schwester	sister	saudara perempuan	Sudara-prampuan	Sudara-prampuan	
599	Singkel	Sumātra	Schwester	sister	saudara perempuan	Seninna-dibarru	Seninna-dibarru	
599	Banjak-Inseln	Inselgruppen weftlich von Sumātra	Schwester	sister	saudara perempuan	Agie-silawé	Agie-silawé	
599	Mentawej-Inseln	Inselgruppen weftlich von Sumātra	Schwester	sister	saudara perempuan	bagie	bagie	
599	Nias	Inselgruppen weftlich von Sumātra	Schwester	sister	saudara perempuan	talifusso-alawé	talifusso-alawé	
599	Engano	Inselgruppen weftlich von Sumātra	Schwester	sister	saudara perempuan	farah-howdah	farah-howdah	
599	Gorontalo	Selēbes	Schwester	sister	saudara perempuan	utatabua	utatabua	
599	Togean-Inseln	Selēbes	Schwester	sister	saudara perempuan	aingo-wèǎ	aingo-wèǎ	
599	Wammer	Aru-Inseln	Schwester	sister	saudara perempuan	kakang-kodar	kakang-kodar	
599	Wonumbai	Aru-Inseln	Schwester	sister	saudara perempuan	karmari	karmari	
599	Trangan	Aru-Inseln	Schwester	sister	saudara perempuan	karm: korkodor	karm: korkodor	
599	Tijoor	Südofter-Inseln	Schwester	sister	saudara perempuan	melak	melak	
599	Goram	Südofter-Inseln	Schwester	sister	saudara perempuan	nogurogu wawiena	nogur. wawiena	nogurogu wawiena
599	Nufoor	Neuguinea	Schwester	sister	saudara perempuan	sraar	sraar	
599	Andai	Neuguinea	Schwester	sister	saudara perempuan	dekangmamrmaan	dekangmamrmaan	
599	Hattam	Neuguinea	Schwester	sister	saudara perempuan	unkamaan	unkamaan	
599	Malaienländer	Sumātra	Vater	Father	Ayah	Pai	Pai	
599	Singkel	Sumātra	Vater	Father	Ayah	Haka	Haka	
599	Banjak-Inseln	Inselgruppen weftlich von Sumātra	Vater	Father	Ayah	Uau	Uau	
599	Mentawej-Inseln	Inselgruppen weftlich von Sumātra	Vater	Father	Ayah	okui	okui	
599	Nias	Inselgruppen weftlich von Sumātra	Vater	Father	Ayah	amä	amä	
599	Engano	Inselgruppen weftlich von Sumātra	Vater	Father	Ayah	amah	amah	
599	Gorontalo	Selēbes	Vater	Father	Ayah	mopaätto	mopaätto	
599	Wammer	Aru-Inseln	Vater	Father	Ayah	awang	awang	
599	Wonumbai	Aru-Inseln	Vater	Father	Ayah	awu	awu	
599	Trangan	Aru-Inseln	Vater	Father	Ayah	amei	amei	
599	Koor	Südofter-Inseln	Vater	Father	Ayah	tata	tata	
599	Kei-Inseln	Südofter-Inseln	Vater	Father	Ayah	jamad	jamad	
599	Watubella	Südofter-Inseln	Vater	Father	Ayah	jai	jai	
599	Goram	Südofter-Inseln	Vater	Father	Ayah	baza	baza	
599	Nufoor	Neuguinea	Vater	Father	Ayah	kamahri	kamahri	
599	Andai	Neuguinea	Vater	Father	Ayah	suari	suari	
599	Hattam	Neuguinea	Vater	Father	Ayah	detjija	detjija	
600	Malaienländer	Sumātra	Auge	eye	mata	Mata	Mata	
600	Singkel	Sumātra	Auge	eye	mata	Mata	Mata	
600	Banjak-Inseln	Inselgruppen weftlich von Sumātra	Auge	eye	mata	Mata	Mata	
600	Mentawej-Inseln	Inselgruppen weftlich von Sumātra	Auge	eye	mata	mata	mata	
600	Nias	Inselgruppen weftlich von Sumātra	Auge	eye	mata	hohro	hohro	
600	Engano	Inselgruppen weftlich von Sumātra	Auge	eye	mata	bahka	bahka	
600	Gorontalo	Selēbes	Auge	eye	mata	mato	mato	
600	Togean-Inseln	Selēbes	Auge	eye	mata	mata	mata	
600	Wammer	Aru-Inseln	Auge	eye	mata	mata	mata	
600	Wonumbai	Aru-Inseln	Auge	eye	mata	matang	matang	
600	Trangan	Aru-Inseln	Auge	eye	mata	mata	mata	
600	Koor	Südofter-Inseln	Auge	eye	mata	matan	matan	
600	Tijoor	Südofter-Inseln	Auge	eye	mata	jau	jau	
600	Watubella	Südofter-Inseln	Auge	eye	mata	mata	mata	
600	Goram	Südofter-Inseln	Auge	eye	mata	matanin	matanin	
600	Karufa	Neuguinea	Auge	eye	mata	mata	mata	
600	Nufoor	Neuguinea	Auge	eye	mata	mgasi	mgasi	
600	Andai	Neuguinea	Auge	eye	mata	akuhwo	akuhwo	
600	Hattam	Neuguinea	Auge	eye	mata	jimana	jimana	
600	Humboldtbai	Neuguinea	Auge	eye	mata	wendu	wendu	
600	Malaienländer	Sumātra	Finger	Finger	Jari	Djahrie	Djahrie	
600	Singkel	Sumātra	Finger	Finger	Jari	Djahrie	Djahrie	
600	Banjak-Inseln	Inselgruppen weftlich von Sumātra	Finger	Finger	Jari	Gau-anangan	Gau-anangan	
600	Nias	Inselgruppen weftlich von Sumātra	Finger	Finger	Jari	tutuhru	tutuhru	
600	Engano	Inselgruppen weftlich von Sumātra	Finger	Finger	Jari	minu-afa	minu-afa	
600	Gorontalo	Selēbes	Finger	Finger	Jari	tungongoao-lulu	tungongoao-lulu	
600	Kei-Inseln	Südofter-Inseln	Finger	Finger	Jari	kew	kew	
600	Karufa	Neuguinea	Finger	Finger	Jari	tjerok	tjerok	
600	Nufoor	Neuguinea	Finger	Finger	Jari	wapiesi	wapiesi	
600	Andai	Neuguinea	Finger	Finger	Jari	amau-buëb	amau-buëb	
600	Hattam	Neuguinea	Finger	Finger	Jari	indappadung	indappadung	
600	Humboldtbai	Neuguinea	Finger	Finger	Jari	waja-fugé	waja-fugé	
600	Malaienländer	Sumātra	Hand	Hand	Tangan	Tangan	Tangan	
600	Singkel	Sumātra	Hand	Hand	Tangan	Tangan	Tangan	
600	Banjak-Inseln	Inselgruppen weftlich von Sumātra	Hand	Hand	Tangan	Gau	Gau	
600	Mentawej-Inseln	Inselgruppen weftlich von Sumātra	Hand	Hand	Tangan	kabei	kabei	
600	Nias	Inselgruppen weftlich von Sumātra	Hand	Hand	Tangan	tetetanga	tetetanga	
600	Engano	Inselgruppen weftlich von Sumātra	Hand	Hand	Tangan	afa	afa	
600	Gorontalo	Selēbes	Hand	Hand	Tangan	paládu	paládu	
600	Togean-Inseln	Selēbes	Hand	Hand	Tangan	palè	palè	
600	Wammer	Aru-Inseln	Hand	Hand	Tangan	limeidi	limeidi	
600	Wonumbai	Aru-Inseln	Hand	Hand	Tangan	limang	limang	
600	Trangan	Aru-Inseln	Hand	Hand	Tangan	limei	limei	
600	Koor	Südofter-Inseln	Hand	Hand	Tangan	liman	liman	
600	Tijoor	Südofter-Inseln	Hand	Hand	Tangan	prè	prè	
600	Kei-Inseln	Südofter-Inseln	Hand	Hand	Tangan	limat	limat	
600	Goram	Südofter-Inseln	Hand	Hand	Tangan	imahnin	imahnin	
600	Karufa	Neuguinea	Hand	Hand	Tangan	nimangouta	nimangouta	
600	Nufoor	Neuguinea	Hand	Hand	Tangan	rwasi	rwasi	
600	Andai	Neuguinea	Hand	Hand	Tangan	amau	amau	
600	Hattam	Neuguinea	Hand	Hand	Tangan	indappadjua	indappadjua	
600	Humboldtbai	Neuguinea	Hand	Hand	Tangan	eijé-fugé	eijé-fugé	
600	Malaienländer	Sumātra	Mund	Mouth	Mulut	Mulut	Mulut	
600	Singkel	Sumātra	Mund	Mouth	Mulut	Bava	Bava	
600	Banjak-Inseln	Inselgruppen weftlich von Sumātra	Mund	Mouth	Mulut	Bahba	Bahba	
600	Mentawej-Inseln	Inselgruppen weftlich von Sumātra	Mund	Mouth	Mulut	ngungu	ngungu	
600	Nias	Inselgruppen weftlich von Sumātra	Mund	Mouth	Mulut	baba	baba	
600	Engano	Inselgruppen weftlich von Sumātra	Mund	Mouth	Mulut	oku	oku	
600	Gorontalo	Selēbes	Mund	Mouth	Mulut	tunggielo	tunggielo	
600	Togean-Inseln	Selēbes	Mund	Mouth	Mulut	wiewie	wiewie	
600	Wammer	Aru-Inseln	Mund	Mouth	Mulut	fafei	fafei	
600	Wonumbai	Aru-Inseln	Mund	Mouth	Mulut	wanrang	wanrang	
600	Trangan	Aru-Inseln	Mund	Mouth	Mulut	fafei	fafei	
600	Koor	Südofter-Inseln	Mund	Mouth	Mulut	huar	huar	
600	Tijoor	Südofter-Inseln	Mund	Mouth	Mulut	temar	temar	
600	Kei-Inseln	Südofter-Inseln	Mund	Mouth	Mulut	ngoën	ngoën	
600	Watubella	Südofter-Inseln	Mund	Mouth	Mulut	hulieda	hulieda	
600	Goram	Südofter-Inseln	Mund	Mouth	Mulut	ilohinn	ilohinn	
600	Karufa	Neuguinea	Mund	Mouth	Mulut	uhru	uhru	
600	Nufoor	Neuguinea	Mund	Mouth	Mulut	swari	swari	
600	Andai	Neuguinea	Mund	Mouth	Mulut	asautiam	asautiam	
600	Hattam	Neuguinea	Mund	Mouth	Mulut	njauwǎwǎ	njauwǎwǎ	
600	Humboldtbai	Neuguinea	Mund	Mouth	Mulut	sumba	sumba	
600	Malaienländer	Sumātra	Nase	Nose	Hidung	Hidung	Hidung	
600	Singkel	Sumātra	Nase	Nose	Hidung	Igung	Igung	
600	Banjak-Inseln	Inselgruppen weftlich von Sumātra	Nase	Nose	Hidung	Egong	Egong	
600	Nias	Inselgruppen weftlich von Sumātra	Nase	Nose	Hidung	ichu	ichu	
600	Engano	Inselgruppen weftlich von Sumātra	Nase	Nose	Hidung	fanoh	fanoh	
600	Gorontalo	Selēbes	Nase	Nose	Hidung	ulingo	ulingo	
600	Togean-Inseln	Selēbes	Nase	Nose	Hidung	ingu	ingu	
600	Wammer	Aru-Inseln	Nase	Nose	Hidung	tjurrin	tjurrin	
600	Wonumbai	Aru-Inseln	Nase	Nose	Hidung	tjurun	tjurun	
600	Trangan	Aru-Inseln	Nase	Nose	Hidung	tjurun	tjurun	
600	Koor	Südofter-Inseln	Nase	Nose	Hidung	melin	melin	
600	Tijoor	Südofter-Inseln	Nase	Nose	Hidung	gangar	gangar	
600	Kei-Inseln	Südofter-Inseln	Nase	Nose	Hidung	nierun	nierun	
600	Watubella	Südofter-Inseln	Nase	Nose	Hidung	huèdda	huèdda	
600	Goram	Südofter-Inseln	Nase	Nose	Hidung	ischonin	ischonin	
600	Karufa	Neuguinea	Nase	Nose	Hidung	sikai	sikai	
600	Nufoor	Neuguinea	Nase	Nose	Hidung	snori	snori	
600	Andai	Neuguinea	Nase	Nose	Hidung	akwaueb	akwaueb	
600	Hattam	Neuguinea	Nase	Nose	Hidung	njauwǎwaab	njauwǎwaab	
600	Humboldtbai	Neuguinea	Nase	Nose	Hidung	sugah	sugah	
600	Malaienländer	Sumātra	Ohr	Ear	Telinga	Kuping	Kuping	
600	Singkel	Sumātra	Ohr	Ear	Telinga	Tsopping	Tsopping	
600	Banjak-Inseln	Inselgruppen weftlich von Sumātra	Ohr	Ear	Telinga	Telinga	Telinga	
600	Mentawej-Inseln	Inselgruppen weftlich von Sumātra	Ohr	Ear	Telinga	gigie	gigie	
600	Nias	Inselgruppen weftlich von Sumātra	Ohr	Ear	Telinga	talinga	talinga	
600	Engano	Inselgruppen weftlich von Sumātra	Ohr	Ear	Telinga	kalila	kalila	
600	Gorontalo	Selēbes	Ohr	Ear	Telinga	kulonga	kulonga	
600	Wammer	Aru-Inseln	Ohr	Ear	Telinga	takar	takar	
600	Wonumbai	Aru-Inseln	Ohr	Ear	Telinga	takar	takar	
600	Trangan	Aru-Inseln	Ohr	Ear	Telinga	takar	takar	
600	Koor	Südofter-Inseln	Ohr	Ear	Telinga	karong	karong	
600	Tijoor	Südofter-Inseln	Ohr	Ear	Telinga	tatiewát	tatiewát	
600	Kei-Inseln	Südofter-Inseln	Ohr	Ear	Telinga	arun	arun	
600	Watubella	Südofter-Inseln	Ohr	Ear	Telinga	tingago	tingago	
600	Goram	Südofter-Inseln	Ohr	Ear	Telinga	telinganin	telinganin	
600	Karufa	Neuguinea	Ohr	Ear	Telinga	taringa	taringa	
600	Nufoor	Neuguinea	Ohr	Ear	Telinga	knasi	knasi	
600	Andai	Neuguinea	Ohr	Ear	Telinga	akoroon	akoroon	
600	Hattam	Neuguinea	Ohr	Ear	Telinga	tenenggova	tenenggova	
600	Humboldtbai	Neuguinea	Ohr	Ear	Telinga	tienè	tienè	
601	Malaienländer	Sumātra	Bauch	Belly	Perut	Purut	Purut	
601	Singkel	Sumātra	Bauch	Belly	Perut	Prutek	Prutek	
601	Banjak-Inseln	Inselgruppen weftlich von Sumātra	Bauch	Belly	Perut	Besil	Besil	
601	Mentawej-Inseln	Inselgruppen weftlich von Sumātra	Bauch	Belly	Perut	bogah	bogah	
601	Nias	Inselgruppen weftlich von Sumātra	Bauch	Belly	Perut	tahlu	tahlu	
601	Engano	Inselgruppen weftlich von Sumātra	Bauch	Belly	Perut	kudei	kudei	
601	Gorontalo	Selēbes	Bauch	Belly	Perut	ombongo	ombongo	
601	Kei-Inseln	Südofter-Inseln	Bauch	Belly	Perut	ewuhnu	ewuhnu	
601	Karufa	Neuguinea	Bauch	Belly	Perut	ambo	ambo	
601	Nufoor	Neuguinea	Bauch	Belly	Perut	snerri	snerri	
601	Andai	Neuguinea	Bauch	Belly	Perut	kapuri	kapuri	
601	Hattam	Neuguinea	Bauch	Belly	Perut	nahentiaan	nahentiaan	
601	Humboldtbai	Neuguinea	Bauch	Belly	Perut	tarrie	tarrie	
601	Malaienländer	Sumātra	Brust	Breast	Payudara	Dahda	Dahda	
601	Singkel	Sumātra	Brust	Breast	Payudara	Tandan	Tandan	
601	Banjak-Inseln	Inselgruppen weftlich von Sumātra	Brust	Breast	Payudara	Arop	Arop	
601	Mentawej-Inseln	Inselgruppen weftlich von Sumātra	Brust	Breast	Payudara	topot	topot	
601	Nias	Inselgruppen weftlich von Sumātra	Brust	Breast	Payudara	totoha	totoha	
601	Engano	Inselgruppen weftlich von Sumātra	Brust	Breast	Payudara	amah	amah	
601	Gorontalo	Selēbes	Brust	Breast	Payudara	duhnléh	duhnléh	
601	Kei-Inseln	Südofter-Inseln	Brust	Breast	Payudara	bubuhru	bubuhru	
601	Karufa	Neuguinea	Brust	Breast	Payudara	gienga	gienga	
601	Nufoor	Neuguinea	Brust	Breast	Payudara	aandeendi	aandeendi	
601	Andai	Neuguinea	Brust	Breast	Payudara	kakeet	kakeet	
601	Hattam	Neuguinea	Brust	Breast	Payudara	njenggeda	njenggeda	
601	Humboldtbai	Neuguinea	Brust	Breast	Payudara	geina	geina	
601	Malaienländer	Sumātra	Fuss	Foot	Kaki	Kakie	Kakie	
601	Singkel	Sumātra	Fuss	Foot	Kaki	Nené	Nené	
601	Banjak-Inseln	Inselgruppen weftlich von Sumātra	Fuss	Foot	Kaki	Pat	Pat	
601	Mentawej-Inseln	Inselgruppen weftlich von Sumātra	Fuss	Foot	Kaki	dereh	dereh	
601	Nias	Inselgruppen weftlich von Sumātra	Fuss	Foot	Kaki	kahé	kahé	
601	Engano	Inselgruppen weftlich von Sumātra	Fuss	Foot	Kaki	ah	ah	
601	Gorontalo	Selēbes	Fuss	Foot	Kaki	oato	oato	
601	Togean-Inseln	Selēbes	Fuss	Foot	Kaki	wiedie	wiedie	
601	Wammer	Aru-Inseln	Fuss	Foot	Kaki	ebei	ebei	
601	Wonumbai	Aru-Inseln	Fuss	Foot	Kaki	ebang	ebang	
601	Trangan	Aru-Inseln	Fuss	Foot	Kaki	ebei	ebei	
601	Koor	Südofter-Inseln	Fuss	Foot	Kaki	jain	jain	
601	Tijoor	Südofter-Inseln	Fuss	Foot	Kaki	tulia	tulia	
601	Goram	Südofter-Inseln	Fuss	Foot	Kaki	nienne	nienne	
601	Karufa	Neuguinea	Fuss	Foot	Kaki	ellä	ellä	
601	Nufoor	Neuguinea	Fuss	Foot	Kaki	wési	wési	
601	Andai	Neuguinea	Fuss	Foot	Kaki	akibatien	akibatien	
601	Humboldtbai	Neuguinea	Fuss	Foot	Kaki	betjarrie	betjarrie	
601	Malaienländer	Sumātra	Haus	House	Rumah	Ruma	Ruma	
601	Singkel	Sumātra	Haus	House	Rumah	Sapoh	Sapoh	
601	Banjak-Inseln	Inselgruppen weftlich von Sumātra	Haus	House	Rumah	Luma	Luma	
601	Mentawej-Inseln	Inselgruppen weftlich von Sumātra	Haus	House	Rumah	lalep	lalep	
601	Nias	Inselgruppen weftlich von Sumātra	Haus	House	Rumah	omo	omo	
601	Engano	Inselgruppen weftlich von Sumātra	Haus	House	Rumah	ubah	ubah	
601	Gorontalo	Selēbes	Haus	House	Rumah	laihé	laihé	
601	Togean-Inseln	Selēbes	Haus	House	Rumah	benua	benua	
601	Wammer	Aru-Inseln	Haus	House	Rumah	balei	balei	
601	Wonumbai	Aru-Inseln	Haus	House	Rumah	befu	befu	
601	Trangan	Aru-Inseln	Haus	House	Rumah	both	both	
601	Koor	Südofter-Inseln	Haus	House	Rumah	ruma	ruma	
601	Tijoor	Südofter-Inseln	Haus	House	Rumah	uma	uma	
601	Watubella	Südofter-Inseln	Haus	House	Rumah	ruma	ruma	
601	Goram	Südofter-Inseln	Haus	House	Rumah	ruma	ruma	
601	Karufa	Neuguinea	Haus	House	Rumah	tsaring	tsaring	
601	Nufoor	Neuguinea	Haus	House	Rumah	rum	rum	
601	Andai	Neuguinea	Haus	House	Rumah	raar	raar	
601	Malaienländer	Sumātra	Himmel	Sky	Langit	Langit	Langit	
601	Singkel	Sumātra	Himmel	Sky	Langit	Langit	Langit	
601	Banjak-Inseln	Inselgruppen weftlich von Sumātra	Himmel	Sky	Langit	Langkel	Langkel	
601	Mentawej-Inseln	Inselgruppen weftlich von Sumātra	Himmel	Sky	Langit	benua	benua	
601	Nias	Inselgruppen weftlich von Sumātra	Himmel	Sky	Langit	benuha	benuha	
601	Gorontalo	Selēbes	Himmel	Sky	Langit	hulungo	hulungo	
601	Togean-Inseln	Selēbes	Himmel	Sky	Langit	jángie	jángie	
601	Nufoor	Neuguinea	Himmel	Sky	Langit	nanggi	nanggi	
601	Andai	Neuguinea	Himmel	Sky	Langit	wamum	wamum	
601	Malaienländer	Sumātra	Kano	Kano	Kano	Praau	Praau	
601	Singkel	Sumātra	Kano	Kano	Kano	Bungké	Bungké	
601	Banjak-Inseln	Inselgruppen weftlich von Sumātra	Kano	Kano	Kano	Wongie	Wongie	
601	Mentawej-Inseln	Inselgruppen weftlich von Sumātra	Kano	Kano	Kano	abak	abak	
601	Engano	Inselgruppen weftlich von Sumātra	Kano	Kano	Kano	lohah	lohah	
601	Gorontalo	Selēbes	Kano	Kano	Kano	blotto	blotto	
601	Wammer	Aru-Inseln	Kano	Kano	Kano	bokka	bokka	
601	Wonumbai	Aru-Inseln	Kano	Kano	Kano	lettej	lettej	
601	Trangan	Aru-Inseln	Kano	Kano	Kano	lettej	lettej	
601	Koor	Südofter-Inseln	Kano	Kano	Kano	hohri	hohri	
601	Watubella	Südofter-Inseln	Kano	Kano	Kano	soh	soh	
601	Goram	Südofter-Inseln	Kano	Kano	Kano	angmahrën	angmahrën	
601	Karufa	Neuguinea	Kano	Kano	Kano	dageh	dageh	
601	Nufoor	Neuguinea	Kano	Kano	Kano	panda-pubah	panda-pubah	
601	Andai	Neuguinea	Kano	Kano	Kano	penda-pooi	penda-pooi	
601	Humboldtbai	Neuguinea	Kano	Kano	Kano	moangga	moangga	
602	Malaienländer	Sumātra	Blitz	Lightning	Petir	Kilat	Kilat	
602	Singkel	Sumātra	Blitz	Lightning	Petir	Kilat	Kilat	
602	Banjak-Inseln	Inselgruppen weftlich von Sumātra	Blitz	Lightning	Petir	Kilet	Kilet	
602	Mentawej-Inseln	Inselgruppen weftlich von Sumātra	Blitz	Lightning	Petir	mobuset benua	mobuset benua	
602	Nias	Inselgruppen weftlich von Sumātra	Blitz	Lightning	Petir	mene-tepari	mene-tepari	
602	Engano	Inselgruppen weftlich von Sumātra	Blitz	Lightning	Petir	akanu	akanu	
602	Gorontalo	Selēbes	Blitz	Lightning	Petir	ilatta	ilatta	
602	Wammer	Aru-Inseln	Blitz	Lightning	Petir	erkala	erkala	
602	Wonumbai	Aru-Inseln	Blitz	Lightning	Petir	erkala	erkala	
602	Trangan	Aru-Inseln	Blitz	Lightning	Petir	erkala	erkala	
602	Goram	Südofter-Inseln	Blitz	Lightning	Petir	tenitir	tenitir	
602	Nufoor	Neuguinea	Blitz	Lightning	Petir	wuwwer	wuwwer	
602	Andai	Neuguinea	Blitz	Lightning	Petir	daantaan	daantaan	
602	Malaienländer	Sumātra	Donner	Thunder	Guntur	Guntur	Guntur	
602	Singkel	Sumātra	Donner	Thunder	Guntur	Borgas	Borgas	
602	Banjak-Inseln	Inselgruppen weftlich von Sumātra	Donner	Thunder	Guntur	Gurru	Gurru	
602	Mentawej-Inseln	Inselgruppen weftlich von Sumātra	Donner	Thunder	Guntur	lalehgu	lalehgu	
602	Nias	Inselgruppen weftlich von Sumātra	Donner	Thunder	Guntur	maugo-benua	maugo-benua	
602	Engano	Inselgruppen weftlich von Sumātra	Donner	Thunder	Guntur	lahu	lahu	
602	Gorontalo	Selēbes	Donner	Thunder	Guntur	bulongottu	bulongottu	
602	Wammer	Aru-Inseln	Donner	Thunder	Guntur	erkadudum	erkadudum	
602	Wonumbai	Aru-Inseln	Donner	Thunder	Guntur	erkadudum	erkadudum	
602	Trangan	Aru-Inseln	Donner	Thunder	Guntur	erkadudum	erkadudum	
602	Kei-Inseln	Südofter-Inseln	Donner	Thunder	Guntur	nahumuhri	nahumuhri	
602	Goram	Südofter-Inseln	Donner	Thunder	Guntur	dudung	dudung	
602	Nufoor	Neuguinea	Donner	Thunder	Guntur	kádádu	kádádu	
602	Andai	Neuguinea	Donner	Thunder	Guntur	krauw	krauw	
602	Malaienländer	Sumātra	Mond	Moon	Bulan	Bulan	Bulan	
602	Singkel	Sumātra	Mond	Moon	Bulan	Bulan	Bulan	
602	Banjak-Inseln	Inselgruppen weftlich von Sumātra	Mond	Moon	Bulan	Bawa	Bawa	
602	Mentawej-Inseln	Inselgruppen weftlich von Sumātra	Mond	Moon	Bulan	lakko	lakko	
602	Nias	Inselgruppen weftlich von Sumātra	Mond	Moon	Bulan	bawa	bawa	
602	Engano	Inselgruppen weftlich von Sumātra	Mond	Moon	Bulan	muna	muna	
602	Gorontalo	Selēbes	Mond	Moon	Bulan	fulalo	fulalo	
602	Togean-Inseln	Selēbes	Mond	Moon	Bulan	fuia	fuia	
602	Wammer	Aru-Inseln	Mond	Moon	Bulan	fulan	fulan	
602	Wonumbai	Aru-Inseln	Mond	Moon	Bulan	fulan	fulan	
602	Trangan	Aru-Inseln	Mond	Moon	Bulan	fulan	fulan	
602	Koor	Südofter-Inseln	Mond	Moon	Bulan	wuan	wuan	
602	Tijoor	Südofter-Inseln	Mond	Moon	Bulan	ulan	ulan	
602	Kei-Inseln	Südofter-Inseln	Mond	Moon	Bulan	uwan	uwan	
602	Watubella	Südofter-Inseln	Mond	Moon	Bulan	wulan	wulan	
602	Goram	Südofter-Inseln	Mond	Moon	Bulan	wulan	wulan	
602	Karufa	Neuguinea	Mond	Moon	Bulan	uran	uran	
602	Nufoor	Neuguinea	Mond	Moon	Bulan	paik	paik	
602	Andai	Neuguinea	Mond	Moon	Bulan	di	di	
602	Malaienländer	Sumātra	Sonne	Sun	Matahari	Mataharie	Mata-harie	Mataharie
602	Singkel	Sumātra	Sonne	Sun	Matahari	Mato-aríe	Mato-aríe	
602	Banjak-Inseln	Inselgruppen weftlich von Sumātra	Sonne	Sun	Matahari	Mata-bolal	Mata-bolal	
602	Mentawej-Inseln	Inselgruppen weftlich von Sumātra	Sonne	Sun	Matahari	sulu	sulu	
602	Nias	Inselgruppen weftlich von Sumātra	Sonne	Sun	Matahari	luwoh	luwoh	
602	Engano	Inselgruppen weftlich von Sumātra	Sonne	Sun	Matahari	bakka-kaha	bakka-kaha	
602	Gorontalo	Selēbes	Sonne	Sun	Matahari	matolu-dulaho	matolu-dulaho	
602	Togean-Inseln	Selēbes	Sonne	Sun	Matahari	batu-mata-nueu	batu-mata-nueu	
602	Wammer	Aru-Inseln	Sonne	Sun	Matahari	lara	lara	
602	Wonumbai	Aru-Inseln	Sonne	Sun	Matahari	eram	eram	
602	Trangan	Aru-Inseln	Sonne	Sun	Matahari	lara	lara	
602	Koor	Südofter-Inseln	Sonne	Sun	Matahari	lä	lä	
602	Tijoor	Südofter-Inseln	Sonne	Sun	Matahari	olar	olar	
602	Kei-Inseln	Südofter-Inseln	Sonne	Sun	Matahari	lehr	lehr	
602	Watubella	Südofter-Inseln	Sonne	Sun	Matahari	olla	olla	
602	Goram	Südofter-Inseln	Sonne	Sun	Matahari	ollarra	ollarra	
602	Karufa	Neuguinea	Sonne	Sun	Matahari	ohra	ohra	
602	Nufoor	Neuguinea	Sonne	Sun	Matahari	orie	orie	
602	Andai	Neuguinea	Sonne	Sun	Matahari	prua	prua	
602	Malaienländer	Sumātra	Stern	Star	Bintang	Bintang	Bintang	
602	Singkel	Sumātra	Stern	Star	Bintang	Bintang	Bintang	
602	Banjak-Inseln	Inselgruppen weftlich von Sumātra	Stern	Star	Bintang	Bintan	Bintan	
602	Mentawej-Inseln	Inselgruppen weftlich von Sumātra	Stern	Star	Bintang	pinpangan	pinpangan	
602	Nias	Inselgruppen weftlich von Sumātra	Stern	Star	Bintang	döhfi	döhfi	
602	Engano	Inselgruppen weftlich von Sumātra	Stern	Star	Bintang	pelua	pelua	
602	Gorontalo	Selēbes	Stern	Star	Bintang	poliama	poliama	
602	Togean-Inseln	Selēbes	Stern	Star	Bintang	brituë	brituë	
602	Wammer	Aru-Inseln	Stern	Star	Bintang	tawan	tawan	
602	Wonumbai	Aru-Inseln	Stern	Star	Bintang	tawan	tawan	
602	Trangan	Aru-Inseln	Stern	Star	Bintang	tawan	tawan	
602	Koor	Südofter-Inseln	Stern	Star	Bintang	nara	nara	
602	Tijoor	Südofter-Inseln	Stern	Star	Bintang	watrei	watrei	
602	Kei-Inseln	Südofter-Inseln	Stern	Star	Bintang	nar	nar	
602	Watubella	Südofter-Inseln	Stern	Star	Bintang	tou	tou	
602	Goram	Südofter-Inseln	Stern	Star	Bintang	wituina	wituina	
602	Karufa	Neuguinea	Stern	Star	Bintang	omma	omma	
602	Nufoor	Neuguinea	Stern	Star	Bintang	altarua	altarua	
602	Andai	Neuguinea	Stern	Star	Bintang	auwaam	auwaam	
602	Malaienländer	Sumātra	Wind	Wind	Angin	Angin	Angin	
602	Singkel	Sumātra	Wind	Wind	Angin	Angin	Angin	
602	Banjak-Inseln	Inselgruppen weftlich von Sumātra	Wind	Wind	Angin	Angin	Angin	
602	Mentawej-Inseln	Inselgruppen weftlich von Sumātra	Wind	Wind	Angin	rusah	rusah	
602	Nias	Inselgruppen weftlich von Sumātra	Wind	Wind	Angin	angi	angi	
602	Engano	Inselgruppen weftlich von Sumātra	Wind	Wind	Angin	bijuh	bijuh	
602	Gorontalo	Selēbes	Wind	Wind	Angin	dupotto	dupotto	
602	Togean-Inseln	Selēbes	Wind	Wind	Angin	ngoju	ngoju	
602	Wammer	Aru-Inseln	Wind	Wind	Angin	ingin	ingin	
602	Wonumbai	Aru-Inseln	Wind	Wind	Angin	ingin	ingin	
602	Trangan	Aru-Inseln	Wind	Wind	Angin	ingin	ingin	
602	Koor	Südofter-Inseln	Wind	Wind	Angin	rangin	rangin	
602	Tijoor	Südofter-Inseln	Wind	Wind	Angin	anin	anin	
602	Kei-Inseln	Südofter-Inseln	Wind	Wind	Angin	mut	mut	
602	Watubella	Südofter-Inseln	Wind	Wind	Angin	ègin	ègin	
602	Goram	Südofter-Inseln	Wind	Wind	Angin	angin	angin	
602	Karufa	Neuguinea	Wind	Wind	Angin	loh	loh	
602	Nufoor	Neuguinea	Wind	Wind	Angin	waam	waam	
602	Andai	Neuguinea	Wind	Wind	Angin	auw	auw	
603	Malaienländer	Sumātra	Feuer	fire	api	Agie	Agie	
603	Singkel	Sumātra	Feuer	fire	api	Agie	Agie	
603	Banjak-Inseln	Inselgruppen weftlich von Sumātra	Feuer	fire	api	Ahé	Ahé	
603	Mentawej-Inseln	Inselgruppen weftlich von Sumātra	Feuer	fire	api	aluitet	aluitet	
603	Nias	Inselgruppen weftlich von Sumātra	Feuer	fire	api	alīto	alīto	
603	Engano	Inselgruppen weftlich von Sumātra	Feuer	fire	api	obi	obi	
603	Gorontalo	Selēbes	Feuer	fire	api	tulu	tulu	
603	Togean-Inseln	Selēbes	Feuer	fire	api	api	api	
603	Wammer	Aru-Inseln	Feuer	fire	api	au	au	
603	Wonumbai	Aru-Inseln	Feuer	fire	api	au	au	
603	Trangan	Aru-Inseln	Feuer	fire	api	au	au	
603	Koor	Südofter-Inseln	Feuer	fire	api	iaap	iaap	
603	Tijoor	Südofter-Inseln	Feuer	fire	api	ahi	ahi	
603	Kei-Inseln	Südofter-Inseln	Feuer	fire	api	naf	naf	
603	Watubella	Südofter-Inseln	Feuer	fire	api	èfi	èfi	
603	Goram	Südofter-Inseln	Feuer	fire	api	ahi	ahi	
603	Karufa	Neuguinea	Feuer	fire	api	lawi	lawi	
603	Nufoor	Neuguinea	Feuer	fire	api	foor	foor	
603	Humboldtbai	Neuguinea	Feuer	fire	api	aïe	aïe	
603	Malaienländer	Sumātra	Fisch	Fish	Ikan	Ikan	Ikan	
603	Mentawej-Inseln	Inselgruppen weftlich von Sumātra	Fisch	Fish	Ikan	iwah	iwah	
603	Nias	Inselgruppen weftlich von Sumātra	Fisch	Fish	Ikan	iah	iah	
603	Engano	Inselgruppen weftlich von Sumātra	Fisch	Fish	Ikan	kaiwau	kaiwau	
603	Gorontalo	Selēbes	Fisch	Fish	Ikan	tolǎ	tolǎ	
603	Togean-Inseln	Selēbes	Fisch	Fish	Ikan	bau	bau	
603	Wammer	Aru-Inseln	Fisch	Fish	Ikan	sima	sima	
603	Wonumbai	Aru-Inseln	Fisch	Fish	Ikan	sima	sima	
603	Trangan	Aru-Inseln	Fisch	Fish	Ikan	djika	djika	
603	Koor	Südofter-Inseln	Fisch	Fish	Ikan	ikan	ikan	
603	Kei-Inseln	Südofter-Inseln	Fisch	Fish	Ikan	wuut	wuut	
603	Watubella	Südofter-Inseln	Fisch	Fish	Ikan	iën	iën	
603	Goram	Südofter-Inseln	Fisch	Fish	Ikan	iën	iën	
603	Karufa	Neuguinea	Fisch	Fish	Ikan	dohndi	dohndi	
603	Nufoor	Neuguinea	Fisch	Fish	Ikan	iën	iën	
603	Andai	Neuguinea	Fisch	Fish	Ikan	mowau	mowau	
603	Hattam	Neuguinea	Fisch	Fish	Ikan	mikwawa	mikwawa	
603	Humboldtbai	Neuguinea	Fisch	Fish	Ikan	iotja	iotja	
603	Malaienländer	Sumātra	Regen	Rain	Hujan	Hudjang	Hudjang	
603	Singkel	Sumātra	Regen	Rain	Hujan	Hudjan	Hudjan	
603	Banjak-Inseln	Inselgruppen weftlich von Sumātra	Regen	Rain	Hujan	Ohol	Ohol	
603	Mentawej-Inseln	Inselgruppen weftlich von Sumātra	Regen	Rain	Hujan	urat	urat	
603	Nias	Inselgruppen weftlich von Sumātra	Regen	Rain	Hujan	tehu	tehu	
603	Engano	Inselgruppen weftlich von Sumātra	Regen	Rain	Hujan	eiwo	eiwo	
603	Gorontalo	Selēbes	Regen	Rain	Hujan	dehdi	dehdi	
603	Togean-Inseln	Selēbes	Regen	Rain	Hujan	hudjan	hudjan	
603	Wammer	Aru-Inseln	Regen	Rain	Hujan	gieën	gieën	
603	Wonumbai	Aru-Inseln	Regen	Rain	Hujan	gieén	gieén	
603	Trangan	Aru-Inseln	Regen	Rain	Hujan	gieën	gieën	
603	Koor	Südofter-Inseln	Regen	Rain	Hujan	uran	uran	
603	Tijoor	Südofter-Inseln	Regen	Rain	Hujan	uran	uran	
603	Kei-Inseln	Südofter-Inseln	Regen	Rain	Hujan	deot	deot	
603	Watubella	Südofter-Inseln	Regen	Rain	Hujan	idamma	idamma	
603	Goram	Südofter-Inseln	Regen	Rain	Hujan	uran	uran	
603	Karufa	Neuguinea	Regen	Rain	Hujan	kama	kama	
603	Nufoor	Neuguinea	Regen	Rain	Hujan	mekkem	mekkem	
603	Andai	Neuguinea	Regen	Rain	Hujan	mbrieëm	mbrieëm	
603	Malaienländer	Sumātra	Schlange	Snake	Ular	Ular	Ular	
603	Singkel	Sumātra	Schlange	Snake	Ular	Nipé	Nipé	
603	Banjak-Inseln	Inselgruppen weftlich von Sumātra	Schlange	Snake	Ular	Sawa	Sawa	
603	Mentawej-Inseln	Inselgruppen weftlich von Sumātra	Schlange	Snake	Ular	sabah	sabah	
603	Nias	Inselgruppen weftlich von Sumātra	Schlange	Snake	Ular	ulo	ulo	
603	Engano	Inselgruppen weftlich von Sumātra	Schlange	Snake	Ular	sauda	sauda	
603	Gorontalo	Selēbes	Schlange	Snake	Ular	tuliedu	tuliedu	
603	Togean-Inseln	Selēbes	Schlange	Snake	Ular	ule	ule	
603	Wammer	Aru-Inseln	Schlange	Snake	Ular	hugèa	hugèa	
603	Wonumbai	Aru-Inseln	Schlange	Snake	Ular	hugèa	hugèa	
603	Trangan	Aru-Inseln	Schlange	Snake	Ular	huwa	huwa	
603	Kei-Inseln	Südofter-Inseln	Schlange	Snake	Ular	rubai	rubai	
603	Goram	Südofter-Inseln	Schlange	Snake	Ular	uaai	uaai	
603	Karufa	Neuguinea	Schlange	Snake	Ular	karoï	karoï	
603	Nufoor	Neuguinea	Schlange	Snake	Ular	ikak	ikak	
603	Andai	Neuguinea	Schlange	Snake	Ular	antau	antau	
603	Hattam	Neuguinea	Schlange	Snake	Ular	mauwa	mauwa	
603	Malaienländer	Sumātra	Stein	Stone	Batu	Batu	Batu	
603	Singkel	Sumātra	Stein	Stone	Batu	Batu	Batu	
603	Banjak-Inseln	Inselgruppen weftlich von Sumātra	Stein	Stone	Batu	Batu	Batu	
603	Nias	Inselgruppen weftlich von Sumātra	Stein	Stone	Batu	batu	batu	
603	Engano	Inselgruppen weftlich von Sumātra	Stein	Stone	Batu	paku	paku	
603	Gorontalo	Selēbes	Stein	Stone	Batu	batu	batu	
603	Wammer	Aru-Inseln	Stein	Stone	Batu	fatu	fatu	
603	Wonumbai	Aru-Inseln	Stein	Stone	Batu	fatu	fatu	
603	Trangan	Aru-Inseln	Stein	Stone	Batu	fat	fat	
603	Koor	Südofter-Inseln	Stein	Stone	Batu	waat	waat	
603	Kei-Inseln	Südofter-Inseln	Stein	Stone	Batu	wat	wat	
603	Watubella	Südofter-Inseln	Stein	Stone	Batu	watu	watu	
603	Goram	Südofter-Inseln	Stein	Stone	Batu	watu	watu	
603	Karufa	Neuguinea	Stein	Stone	Batu	langérah	langérah	
603	Nufoor	Neuguinea	Stein	Stone	Batu	kerru	kerru	
603	Andai	Neuguinea	Stein	Stone	Batu	meduwang	meduwang	
603	Hattam	Neuguinea	Stein	Stone	Batu	tija	tija	
603	Malaienländer	Sumātra	Wasser	water	air	Ajer	Ajer	
603	Singkel	Sumātra	Wasser	water	air	Leij	Leij	
603	Banjak-Inseln	Inselgruppen weftlich von Sumātra	Wasser	water	air	Uë	Uë	
603	Mentawej-Inseln	Inselgruppen weftlich von Sumātra	Wasser	water	air	oinan	oinan	
603	Nias	Inselgruppen weftlich von Sumātra	Wasser	water	air	idāno	idāno	
603	Engano	Inselgruppen weftlich von Sumātra	Wasser	water	air	lebo-lebo	lebo-lebo	
603	Gorontalo	Selēbes	Wasser	water	air	taluhu	taluhu	
603	Togean-Inseln	Selēbes	Wasser	water	air	uë	uë	
603	Wammer	Aru-Inseln	Wasser	water	air	waiar	waiar	
603	Wonumbai	Aru-Inseln	Wasser	water	air	gaiar	gaiar	
603	Trangan	Aru-Inseln	Wasser	water	air	waiar	waiar	
603	Koor	Südofter-Inseln	Wasser	water	air	wejer	wejer	
603	Watubella	Südofter-Inseln	Wasser	water	air	aar	aar	
603	Goram	Südofter-Inseln	Wasser	water	air	ahraar	ahraar	
603	Karufa	Neuguinea	Wasser	water	air	ualar	ualar	
603	Nufoor	Neuguinea	Wasser	water	air	waar	waar	
603	Andai	Neuguinea	Wasser	water	air	wam	wam	
603	Hattam	Neuguinea	Wasser	water	air	menaija	menaija	
603	Humboldtbai	Neuguinea	Wasser	water	air	naan	naan	
604	Malaienländer	Sumātra	Bambusrohr	Bamboo cane	Tongkat bambu	Buhlu	Buhlu	
604	Singkel	Sumātra	Bambusrohr	Bamboo cane	Tongkat bambu	Bulu	Bulu	
604	Banjak-Inseln	Inselgruppen weftlich von Sumātra	Bambusrohr	Bamboo cane	Tongkat bambu	Ohdie	Ohdie	
604	Mentawej-Inseln	Inselgruppen weftlich von Sumātra	Bambusrohr	Bamboo cane	Tongkat bambu	mehgiab	mehgiab	
604	Nias	Inselgruppen weftlich von Sumātra	Bambusrohr	Bamboo cane	Tongkat bambu	libuhǒ	libuhǒ	
604	Gorontalo	Selēbes	Bambusrohr	Bamboo cane	Tongkat bambu	wawǒhu	wawǒhu	
604	Togean-Inseln	Selēbes	Bambusrohr	Bamboo cane	Tongkat bambu	balufuiju	balufuiju	
604	Wammer	Aru-Inseln	Bambusrohr	Bamboo cane	Tongkat bambu	ful	ful	
604	Wonumbai	Aru-Inseln	Bambusrohr	Bamboo cane	Tongkat bambu	ful	ful	
604	Trangan	Aru-Inseln	Bambusrohr	Bamboo cane	Tongkat bambu	ful	ful	
604	Watubella	Südofter-Inseln	Bambusrohr	Bamboo cane	Tongkat bambu	wanulu	wanulu	
604	Goram	Südofter-Inseln	Bambusrohr	Bamboo cane	Tongkat bambu	karawattu	karawattu	
604	Karufa	Neuguinea	Bambusrohr	Bamboo cane	Tongkat bambu	oforetu	oforetu	
604	Nufoor	Neuguinea	Bambusrohr	Bamboo cane	Tongkat bambu	amin	amin	
604	Humboldtbai	Neuguinea	Bambusrohr	Bamboo cane	Tongkat bambu	anǎbré	anǎbré	
604	Malaienländer	Sumātra	Banane	banana	pisang	Pisang	Pisang	
604	Singkel	Sumātra	Banane	banana	pisang	Gallu	Gallu	
604	Banjak-Inseln	Inselgruppen weftlich von Sumātra	Banane	banana	pisang	Gaul	Gaul	
604	Mentawej-Inseln	Inselgruppen weftlich von Sumātra	Banane	banana	pisang	bako	bako	
604	Nias	Inselgruppen weftlich von Sumātra	Banane	banana	pisang	gaë	gaë	
604	Gorontalo	Selēbes	Banane	banana	pisang	lambi	lambi	
604	Togean-Inseln	Selēbes	Banane	banana	pisang	loja	loja	
604	Wammer	Aru-Inseln	Banane	banana	pisang	muku	muku	
604	Wonumbai	Aru-Inseln	Banane	banana	pisang	muku	muku	
604	Trangan	Aru-Inseln	Banane	banana	pisang	kélar	kélar	
604	Koor	Südofter-Inseln	Banane	banana	pisang	muk	muk	
604	Tijoor	Südofter-Inseln	Banane	banana	pisang	udir	udir	
604	Watubella	Südofter-Inseln	Banane	banana	pisang	fudir	fudir	
604	Goram	Südofter-Inseln	Banane	banana	pisang	hudir	hudir	
604	Karufa	Neuguinea	Banane	banana	pisang	hundu	hundu	
604	Nufoor	Neuguinea	Banane	banana	pisang	beef	beef	
604	Andai	Neuguinea	Banane	banana	pisang	uwaat	uwaat	
604	Hattam	Neuguinea	Banane	banana	pisang	svida	svida	
604	Humboldtbai	Neuguinea	Banane	banana	pisang	ur	ur	
604	Malaienländer	Sumātra	Kokospalme	Coconut palm	Kelapa sawit	Klappa	Klappa	
604	Singkel	Sumātra	Kokospalme	Coconut palm	Kelapa sawit	Neoh	Neoh	
604	Banjak-Inseln	Inselgruppen weftlich von Sumātra	Kokospalme	Coconut palm	Kelapa sawit	Wohnu	Wohnu	
604	Mentawej-Inseln	Inselgruppen weftlich von Sumātra	Kokospalme	Coconut palm	Kelapa sawit	toitet	toitet	
604	Nias	Inselgruppen weftlich von Sumātra	Kokospalme	Coconut palm	Kelapa sawit	töla-nohi	töla-nohi	
604	Gorontalo	Selēbes	Kokospalme	Coconut palm	Kelapa sawit	bongo	bongo	
604	Togean-Inseln	Selēbes	Kokospalme	Coconut palm	Kelapa sawit	bojugu	bojugu	
604	Wammer	Aru-Inseln	Kokospalme	Coconut palm	Kelapa sawit	nur	nur	
604	Wonumbai	Aru-Inseln	Kokospalme	Coconut palm	Kelapa sawit	nur	nur	
604	Trangan	Aru-Inseln	Kokospalme	Coconut palm	Kelapa sawit	nur	nur	
604	Koor	Südofter-Inseln	Kokospalme	Coconut palm	Kelapa sawit	nuar	nuar	
604	Tijoor	Südofter-Inseln	Kokospalme	Coconut palm	Kelapa sawit	nijoor	nijoor	
604	Watubella	Südofter-Inseln	Kokospalme	Coconut palm	Kelapa sawit	da	da	
604	Goram	Südofter-Inseln	Kokospalme	Coconut palm	Kelapa sawit	niur	niur	
604	Karufa	Neuguinea	Kokospalme	Coconut palm	Kelapa sawit	niju	niju	
604	Nufoor	Neuguinea	Kokospalme	Coconut palm	Kelapa sawit	sraknam	sraknam	
604	Andai	Neuguinea	Kokospalme	Coconut palm	Kelapa sawit	sravï	sravï	
604	Hattam	Neuguinea	Kokospalme	Coconut palm	Kelapa sawit	duja	duja	
604	Humboldtbai	Neuguinea	Kokospalme	Coconut palm	Kelapa sawit	niehm	niehm	
604	Malaienländer	Sumātra	Rottan	rottan	busuk	Rottan	Rottan	
604	Singkel	Sumātra	Rottan	rottan	busuk	Rotang	Rotang	
604	Banjak-Inseln	Inselgruppen weftlich von Sumātra	Rottan	rottan	busuk	rotan	rotan	
604	Mentawej-Inseln	Inselgruppen weftlich von Sumātra	Rottan	rottan	busuk	sahsa	sahsa	
604	Nias	Inselgruppen weftlich von Sumātra	Rottan	rottan	busuk	ohé	ohé	
604	Gorontalo	Selēbes	Rottan	rottan	busuk	huttia	huttia	
604	Karufa	Neuguinea	Rottan	rottan	busuk	kuhwa	kuhwa	
604	Nufoor	Neuguinea	Rottan	rottan	busuk	brak	brak	
604	Malaienländer	Sumātra	hässlich	ugly	jelek	djellok	djellok	
604	Singkel	Sumātra	hässlich	ugly	jelek	madjik	madjik	
604	Mentawej-Inseln	Inselgruppen weftlich von Sumātra	hässlich	ugly	jelek	tamehru	tamehru	
604	Nias	Inselgruppen weftlich von Sumātra	hässlich	ugly	jelek	lo-sochi	lo-sochi	
604	Gorontalo	Selēbes	hässlich	ugly	jelek	dilamopiohu	dilamopiohu	
604	Togean-Inseln	Selēbes	hässlich	ugly	jelek	mafussi	mafussi	
604	Wammer	Aru-Inseln	hässlich	ugly	jelek	käta	käta	
604	Wonumbai	Aru-Inseln	hässlich	ugly	jelek	djaugalir	djaugalir	
604	Trangan	Aru-Inseln	hässlich	ugly	jelek	käta	käta	
604	Goram	Südofter-Inseln	hässlich	ugly	jelek	gratta	gratta	
604	Karufa	Neuguinea	hässlich	ugly	jelek	namasauah	namasauah	
604	Nufoor	Neuguinea	hässlich	ugly	jelek	buba	buba	
604	Andai	Neuguinea	hässlich	ugly	jelek	booi	booi	
604	Hattam	Neuguinea	hässlich	ugly	jelek	medingeja	medingeja	
604	Malaienländer	Sumātra	schön	beautiful	cantik	bagus	bagus	
604	Singkel	Sumātra	schön	beautiful	cantik	monde	monde	
604	Mentawej-Inseln	Inselgruppen weftlich von Sumātra	schön	beautiful	cantik	wehru	wehru	
604	Nias	Inselgruppen weftlich von Sumātra	schön	beautiful	cantik	sochi	sochi	
604	Gorontalo	Selēbes	schön	beautiful	cantik	mopiohu	mopiohu	
604	Togean-Inseln	Selēbes	schön	beautiful	cantik	matau	matau	
604	Wammer	Aru-Inseln	schön	beautiful	cantik	äferie	äferie	
604	Wonumbai	Aru-Inseln	schön	beautiful	cantik	äferie	äferie	
604	Trangan	Aru-Inseln	schön	beautiful	cantik	äferie	äferie	
604	Watubella	Südofter-Inseln	schön	beautiful	cantik	fia	fia	
604	Goram	Südofter-Inseln	schön	beautiful	cantik	baban	baban	
604	Karufa	Neuguinea	schön	beautiful	cantik	inengewie	inengewie	
604	Nufoor	Neuguinea	schön	beautiful	cantik	bië	bië	
604	Andai	Neuguinea	schön	beautiful	cantik	speer	speer	
604	Hattam	Neuguinea	schön	beautiful	cantik	bainja	bainja	
605	Malaienländer	Sumātra	dunkel	dark	gelap	glap	glap	
605	Singkel	Sumātra	dunkel	dark	gelap	glap	glap	
605	Banjak-Inseln	Inselgruppen weftlich von Sumātra	dunkel	dark	gelap	melawa	melawa	
605	Mentawej-Inseln	Inselgruppen weftlich von Sumātra	dunkel	dark	gelap	mogebgeb	mogebgeb	
605	Nias	Inselgruppen weftlich von Sumātra	dunkel	dark	gelap	agòmigohmi	agòmigohmi	
605	Gorontalo	Selēbes	dunkel	dark	gelap	modiolomo	modiolomo	
605	Wammer	Aru-Inseln	dunkel	dark	gelap	démur	démur	
605	Wonumbai	Aru-Inseln	dunkel	dark	gelap	hadjemmir	hadjemmir	
605	Trangan	Aru-Inseln	dunkel	dark	gelap	démur	démur	
605	Watubella	Südofter-Inseln	dunkel	dark	gelap	dodonggaran	dodonggaran	
605	Goram	Südofter-Inseln	dunkel	dark	gelap	glap	glap	
605	Karufa	Neuguinea	dunkel	dark	gelap	momat	momat	
605	Nufoor	Neuguinea	dunkel	dark	gelap	ifnŭrep	ifnŭrep	
605	Andai	Neuguinea	dunkel	dark	gelap	moor	moor	
605	Hattam	Neuguinea	dunkel	dark	gelap	ngemuna	ngemuna	
605	Malaienländer	Sumātra	gut	good	bagus	baik	baik	
605	Nias	Inselgruppen weftlich von Sumātra	gut	good	bagus	sochi	sochi	
605	Gorontalo	Selēbes	gut	good	bagus	mopiohu	mopiohu	
605	Kei-Inseln	Südofter-Inseln	gut	good	bagus	buk	buk	
605	Nufoor	Neuguinea	gut	good	bagus	biebe	biebe	
605	Andai	Neuguinea	gut	good	bagus	barbor	barbor	
605	Hattam	Neuguinea	gut	good	bagus	bainja	bainja	
605	Malaienländer	Sumātra	hell	light	cahaya	trang	trang	
605	Singkel	Sumātra	hell	light	cahaya	tarong	tarong	
605	Banjak-Inseln	Inselgruppen weftlich von Sumātra	hell	light	cahaya	madem	madem	
605	Mentawej-Inseln	Inselgruppen weftlich von Sumātra	hell	light	cahaya	mopato	mopato	
605	Nias	Inselgruppen weftlich von Sumātra	hell	light	cahaya	mochaga	mochaga	
605	Gorontalo	Selēbes	hell	light	cahaya	mobawango	mobawango	
605	Wammer	Aru-Inseln	hell	light	cahaya	rarie	rarie	
605	Wonumbai	Aru-Inseln	hell	light	cahaya	reirarei	reirarei	
605	Trangan	Aru-Inseln	hell	light	cahaya	rarie	rarie	
605	Kei-Inseln	Südofter-Inseln	hell	light	cahaya	waléan	waléan	
605	Watubella	Südofter-Inseln	hell	light	cahaya	massir	massir	
605	Goram	Südofter-Inseln	hell	light	cahaya	massir	massir	
605	Karufa	Neuguinea	hell	light	cahaya	niriawa	niriawa	
605	Nufoor	Neuguinea	hell	light	cahaya	mambri	mambri	
605	Andai	Neuguinea	hell	light	cahaya	kassingbaar	kassingbaar	
605	Hattam	Neuguinea	hell	light	cahaya	ninggaadbir	ninggaadbir	
605	Malaienländer	Sumātra	kurz	short	pendek	pendèk	pendèk	
605	Singkel	Sumātra	kurz	short	pendek	troh	troh	
605	Banjak-Inseln	Inselgruppen weftlich von Sumātra	kurz	short	pendek	wida	wida	
605	Mentawej-Inseln	Inselgruppen weftlich von Sumātra	kurz	short	pendek	tete	tete	
605	Nias	Inselgruppen weftlich von Sumātra	kurz	short	pendek	atogo-dohgo	atogo-dohgo	
605	Gorontalo	Selēbes	kurz	short	pendek	limbu-limbu	limbu-limbu	
605	Kei-Inseln	Südofter-Inseln	kurz	short	pendek	but	but	
605	Karufa	Neuguinea	kurz	short	pendek	tomba	tomba	
605	Nufoor	Neuguinea	kurz	short	pendek	kwamba	kwamba	
605	Andai	Neuguinea	kurz	short	pendek	uwaaibaar	uwaaibaar	
605	Hattam	Neuguinea	kurz	short	pendek	djaibi	djaibi	
605	Malaienländer	Sumātra	lang	long	panjang	pandjang	pandjang	
605	Singkel	Sumātra	lang	long	panjang	pandjang	pandjang	
605	Banjak-Inseln	Inselgruppen weftlich von Sumātra	lang	long	panjang	atarre	atarre	
605	Mentawej-Inseln	Inselgruppen weftlich von Sumātra	lang	long	panjang	narda	narda	
605	Nias	Inselgruppen weftlich von Sumātra	lang	long	panjang	enau	enau	
605	Gorontalo	Selēbes	lang	long	panjang	haja-haja	haja-haja	
605	Kei-Inseln	Südofter-Inseln	lang	long	panjang	bloat	bloat	
605	Karufa	Neuguinea	lang	long	panjang	marawar	marawar	
605	Nufoor	Neuguinea	lang	long	panjang	kwaim	kwaim	
605	Andai	Neuguinea	lang	long	panjang	uwaai	uwaai	
605	Hattam	Neuguinea	lang	long	panjang	djainjia	djainjia	
605	Malaienländer	Sumātra	schlecht	bad	buruk	bussuk	bussuk	
605	Nias	Inselgruppen weftlich von Sumātra	schlecht	bad	buruk	lo-sochi	lo-sochi	
605	Gorontalo	Selēbes	schlecht	bad	buruk	mohlehto	mohlehto	
605	Kei-Inseln	Südofter-Inseln	schlecht	bad	buruk	babur	babur	
605	Nufoor	Neuguinea	schlecht	bad	buruk	speer	speer	
605	Andai	Neuguinea	schlecht	bad	buruk	speerbaar	speerbaar	
605	Hattam	Neuguinea	schlecht	bad	buruk	bailis	bailis	
606	Malaienländer	Sumātra	alt	old	tua	tua	tua	
606	Nias	Inselgruppen weftlich von Sumātra	alt	old	tua	tatu-niha	tatu-niha	
606	Engano	Inselgruppen weftlich von Sumātra	alt	old	tua	napua	napua	
606	Gorontalo	Selēbes	alt	old	tua	tapanggola	tapanggola	
606	Kei-Inseln	Südofter-Inseln	alt	old	tua	ebtuan	ebtuan	
606	Karufa	Neuguinea	alt	old	tua	tuaring	tuaring	
606	Nufoor	Neuguinea	alt	old	tua	bikwaar	bikwaar	
606	Andai	Neuguinea	alt	old	tua	kangjai	kangjai	
606	Hattam	Neuguinea	alt	old	tua	dijema	dijema	
606	Malaienländer	Sumātra	jung	young	muda	mudah	mudah	
606	Nias	Inselgruppen weftlich von Sumātra	jung	young	muda	aboiju	aboiju	
606	Engano	Inselgruppen weftlich von Sumātra	jung	young	muda	kahpa	kahpa	
606	Gorontalo	Selēbes	jung	young	muda	bafulotau	bafulotau	
606	Kei-Inseln	Südofter-Inseln	jung	young	muda	wuka	wuka	
606	Karufa	Neuguinea	jung	young	muda	kulah	kulah	
606	Nufoor	Neuguinea	jung	young	muda	mguba	mguba	
606	Andai	Neuguinea	jung	young	muda	demaudbaar	demaudbaar	
606	Hattam	Neuguinea	jung	young	muda	nekingejonga	nekingejonga	
606	Malaienländer	Sumātra	lebend	alive	hidup	hidop	hidop	
606	Singkel	Sumātra	lebend	alive	hidup	ngelu	ngelu	
606	Mentawej-Inseln	Inselgruppen weftlich von Sumātra	lebend	alive	hidup	baramata	baramata	
606	Nias	Inselgruppen weftlich von Sumātra	lebend	alive	hidup	auri	auri	
606	Engano	Inselgruppen weftlich von Sumātra	lebend	alive	hidup	kodo	kodo	
606	Gorontalo	Selēbes	lebend	alive	hidup	tumu	tumu	
606	Nufoor	Neuguinea	lebend	alive	hidup	kenèm	kenèm	
606	Andai	Neuguinea	lebend	alive	hidup	dan	dan	
606	Hattam	Neuguinea	lebend	alive	hidup	nengdaga	nengdaga	
606	Malaienländer	Sumātra	leicht	light	ringan	haringan	haringan	
606	Mentawej-Inseln	Inselgruppen weftlich von Sumātra	leicht	light	ringan	menangka	menangka	
606	Nias	Inselgruppen weftlich von Sumātra	leicht	light	ringan	auha	auha	
606	Engano	Inselgruppen weftlich von Sumātra	leicht	light	ringan	karahaai	karahaai	
606	Gorontalo	Selēbes	leicht	light	ringan	mohelo	mohelo	
606	Wammer	Aru-Inseln	leicht	light	ringan	maranie	maranie	
606	Wonumbai	Aru-Inseln	leicht	light	ringan	maranie	maranie	
606	Trangan	Aru-Inseln	leicht	light	ringan	maranie	maranie	
606	Watubella	Südofter-Inseln	leicht	light	ringan	sedidei	sedidei	
606	Goram	Südofter-Inseln	leicht	light	ringan	essiban	essiban	
606	Nufoor	Neuguinea	leicht	light	ringan	mianaijen	mianaijen	
606	Andai	Neuguinea	leicht	light	ringan	piabaar	piabaar	
606	Hattam	Neuguinea	leicht	light	ringan	mengumbii	mengumbii	
606	Malaienländer	Sumātra	schwer	heavy	berat	brat	brat	
606	Mentawej-Inseln	Inselgruppen weftlich von Sumātra	schwer	heavy	berat	mesanne	mesanne	
606	Nias	Inselgruppen weftlich von Sumātra	schwer	heavy	berat	abua	abua	
606	Engano	Inselgruppen weftlich von Sumātra	schwer	heavy	berat	nua	nua	
606	Gorontalo	Selēbes	schwer	heavy	berat	mobubuheto	mobubuheto	
606	Wammer	Aru-Inseln	schwer	heavy	berat	diën	diën	
606	Wonumbai	Aru-Inseln	schwer	heavy	berat	diën	diën	
606	Trangan	Aru-Inseln	schwer	heavy	berat	diehn	diehn	
606	Watubella	Südofter-Inseln	schwer	heavy	berat	illeman	illeman	
606	Goram	Südofter-Inseln	schwer	heavy	berat	melleman	melleman	
606	Nufoor	Neuguinea	schwer	heavy	berat	merbak	merbak	
606	Andai	Neuguinea	schwer	heavy	berat	boon	boon	
606	Hattam	Neuguinea	schwer	heavy	berat	behuna	behuna	
606	Malaienländer	Sumātra	todt	dead	mati	matie	matie	
606	Singkel	Sumātra	todt	dead	mati	matie	matie	
606	Banjak-Inseln	Inselgruppen weftlich von Sumātra	todt	dead	mati	matie	matie	
606	Mentawej-Inseln	Inselgruppen weftlich von Sumātra	todt	dead	mati	matean	matean	
606	Nias	Inselgruppen weftlich von Sumātra	todt	dead	mati	maté	maté	
606	Engano	Inselgruppen weftlich von Sumātra	todt	dead	mati	kaä	kaä	
606	Gorontalo	Selēbes	todt	dead	mati	mate	mate	
606	Kei-Inseln	Südofter-Inseln	todt	dead	mati	mati	mati	
606	Karufa	Neuguinea	todt	dead	mati	namata	namata	
606	Nufoor	Neuguinea	todt	dead	mati	maar	maar	
606	Andai	Neuguinea	todt	dead	mati	maar	maar	
606	Hattam	Neuguinea	todt	dead	mati	maja	maja	
606	Humboldtbai	Neuguinea	todt	dead	mati	mabu	mabu	
607	Malaienländer	Sumātra	bitter	bitter	pahit	pahit	pahit	
607	Mentawej-Inseln	Inselgruppen weftlich von Sumātra	bitter	bitter	pahit	mohpognie	mohpognie	
607	Nias	Inselgruppen weftlich von Sumātra	bitter	bitter	pahit	afèto	afèto	
607	Engano	Inselgruppen weftlich von Sumātra	bitter	bitter	pahit	kiohameh	kiohameh	
607	Gorontalo	Selēbes	bitter	bitter	pahit	paätta	paätta	
607	Kei-Inseln	Südofter-Inseln	bitter	bitter	pahit	masie	masie	
607	Nufoor	Neuguinea	bitter	bitter	pahit	sparmar	sparmar	
607	Andai	Neuguinea	bitter	bitter	pahit	waujbaar	waujbaar	
607	Hattam	Neuguinea	bitter	bitter	pahit	epaua	epaua	
607	Malaienländer	Sumātra	bringen	bring	membawa	bawa	bahwa	bawa
607	Mentawej-Inseln	Inselgruppen weftlich von Sumātra	bringen	bring	membawa	ake	ake	
607	Nias	Inselgruppen weftlich von Sumātra	bringen	bring	membawa	ohé	ohé	
607	Gorontalo	Selēbes	bringen	bring	membawa	modehlo	modehlo	
607	Wammer	Aru-Inseln	bringen	bring	membawa	dafo	dafo	
607	Wonumbai	Aru-Inseln	bringen	bring	membawa	daffo	daffo	
607	Trangan	Aru-Inseln	bringen	bring	membawa	mfo	mfo	
607	Kei-Inseln	Südofter-Inseln	bringen	bring	membawa	tahad	tahad	
607	Goram	Südofter-Inseln	bringen	bring	membawa	dohdie	dohdie	
607	Malaienländer	Sumātra	finden	find	menemukan	dapat	dahpat	dapat
607	Mentawej-Inseln	Inselgruppen weftlich von Sumātra	finden	find	menemukan	limongenotu	limongenotu	
607	Nias	Inselgruppen weftlich von Sumātra	finden	find	menemukan	nosienda	nosienda	
607	Wammer	Aru-Inseln	finden	find	menemukan	daga	daga	
607	Wonumbai	Aru-Inseln	finden	find	menemukan	daga	daga	
607	Trangan	Aru-Inseln	finden	find	menemukan	daua	daua	
607	Goram	Südofter-Inseln	finden	find	menemukan	terori	terori	
607	Malaienländer	Sumātra	laufen	run	menjalankan	lahri	lahri	
607	Singkel	Sumātra	laufen	run	menjalankan	sdun	sdun	
607	Banjak-Inseln	Inselgruppen weftlich von Sumātra	laufen	run	menjalankan	awula	awula	
607	Mentawej-Inseln	Inselgruppen weftlich von Sumātra	laufen	run	menjalankan	nungan	nungan	
607	Nias	Inselgruppen weftlich von Sumātra	laufen	run	menjalankan	ahgoi	ahgoi	
607	Engano	Inselgruppen weftlich von Sumātra	laufen	run	menjalankan	kah	kah	
607	Wammer	Aru-Inseln	laufen	run	menjalankan	defarafa	defarafa	
607	Wonumbai	Aru-Inseln	laufen	run	menjalankan	djala	djala	
607	Trangan	Aru-Inseln	laufen	run	menjalankan	fopafa	fopafa	
607	Watubella	Südofter-Inseln	laufen	run	menjalankan	dafelāru	dafelāru	
607	Goram	Südofter-Inseln	laufen	run	menjalankan	tahatāru	tahatāru	
607	Nufoor	Neuguinea	laufen	run	menjalankan	fraar	fraar	
607	Andai	Neuguinea	laufen	run	menjalankan	biaar	biaar	
607	Hattam	Neuguinea	laufen	run	menjalankan	iboda	iboda	
607	Malaienländer	Sumātra	machen	make	membuat	bekin	bekin	
607	Singkel	Sumātra	machen	make	membuat	baping	baping	
607	Banjak-Inseln	Inselgruppen weftlich von Sumātra	machen	make	membuat	gira-gira	gira-gira	
607	Mentawej-Inseln	Inselgruppen weftlich von Sumātra	machen	make	membuat	galei	galei	
607	Nias	Inselgruppen weftlich von Sumātra	machen	make	membuat	fadjogi	fadjogi	
607	Engano	Inselgruppen weftlich von Sumātra	machen	make	membuat	pafriu	pafriu	
607	Gorontalo	Selēbes	machen	make	membuat	mohuttu	mohuttu	
607	Wammer	Aru-Inseln	machen	make	membuat	dadollar	dadollar	
607	Wonumbai	Aru-Inseln	machen	make	membuat	kudongar	kudongar	
607	Trangan	Aru-Inseln	machen	make	membuat	tonger	tonger	
607	Kei-Inseln	Südofter-Inseln	machen	make	membuat	ud	ud	
607	Goram	Südofter-Inseln	machen	make	membuat	towei	towei	
607	Nufoor	Neuguinea	machen	make	membuat	pafruër	pafruër	
607	Malaienländer	Sumātra	süss	sweet	manis	manis	manis	
607	Mentawej-Inseln	Inselgruppen weftlich von Sumātra	süss	sweet	manis	mukeikei	mukeikei	
607	Nias	Inselgruppen weftlich von Sumātra	süss	sweet	manis	ami	ami	
607	Engano	Inselgruppen weftlich von Sumātra	süss	sweet	manis	moneh-moneh	moneh-moneh	
607	Gorontalo	Selēbes	süss	sweet	manis	molingo	molingo	
607	Kei-Inseln	Südofter-Inseln	süss	sweet	manis	baslowir	baslowir	
607	Nufoor	Neuguinea	süss	sweet	manis	preh	preh	
607	Andai	Neuguinea	süss	sweet	manis	keïm	keïm	
607	Hattam	Neuguinea	süss	sweet	manis	dibijema	dibijema	
608	Malaienländer	Sumātra	gehen	walk	berjalan	berdjalan	berdjallan	berdjalan
608	Singkel	Sumātra	gehen	walk	berjalan	midalan	midallan	midalan
608	Banjak-Inseln	Inselgruppen weftlich von Sumātra	gehen	walk	berjalan	lumalao	lumalao	
608	Mentawej-Inseln	Inselgruppen weftlich von Sumātra	gehen	walk	berjalan	bedutui	bedutui	
608	Nias	Inselgruppen weftlich von Sumātra	gehen	walk	berjalan	fahnno	fahnno	
608	Engano	Inselgruppen weftlich von Sumātra	gehen	walk	berjalan	edi-edi	edi-edi	
608	Gorontalo	Selēbes	gehen	walk	berjalan	molalar	molalar	
608	Wammer	Aru-Inseln	gehen	walk	berjalan	tabanan	tabanan	
608	Wonumbai	Aru-Inseln	gehen	walk	berjalan	kubana	kubana	
608	Trangan	Aru-Inseln	gehen	walk	berjalan	kubana	kubana	
608	Koor	Südofter-Inseln	gehen	walk	berjalan	tageb	tageb	
608	Tijoor	Südofter-Inseln	gehen	walk	berjalan	tagie	tagie	
608	Kei-Inseln	Südofter-Inseln	gehen	walk	berjalan	atbah	atbah	
608	Watubella	Südofter-Inseln	gehen	walk	berjalan	dafanna	dafanna	
608	Goram	Südofter-Inseln	gehen	walk	berjalan	tatagi	tatagi	
608	Karufa	Neuguinea	gehen	walk	berjalan	teitangki	teitangki	
608	Nufoor	Neuguinea	gehen	walk	berjalan	nebraan	nebraan	
608	Andai	Neuguinea	gehen	walk	berjalan	kaar	kaar	
608	Hattam	Neuguinea	gehen	walk	berjalan	naauwaan	naauwaan	
608	Malaienländer	Sumātra	schlafen	sleep	tidur	tidor	tidohr	tidor
608	Banjak-Inseln	Inselgruppen weftlich von Sumātra	schlafen	sleep	tidur	niorla	niorla	
608	Mentawej-Inseln	Inselgruppen weftlich von Sumātra	schlafen	sleep	tidur	mereb	mereb	
608	Nias	Inselgruppen weftlich von Sumātra	schlafen	sleep	tidur	morro	morro	
608	Engano	Inselgruppen weftlich von Sumātra	schlafen	sleep	tidur	panuko	panuko	
608	Gorontalo	Selēbes	schlafen	sleep	tidur	modoluhu	modoluhu	
608	Togean-Inseln	Selēbes	schlafen	sleep	tidur	porre	porre	
608	Wammer	Aru-Inseln	schlafen	sleep	tidur	dehnie	dehnie	
608	Wonumbai	Aru-Inseln	schlafen	sleep	tidur	konie	konie	
608	Trangan	Aru-Inseln	schlafen	sleep	tidur	monin	monin	
608	Koor	Südofter-Inseln	schlafen	sleep	tidur	toba	toba	
608	Tijoor	Südofter-Inseln	schlafen	sleep	tidur	gehit	gehit	
608	Kei-Inseln	Südofter-Inseln	schlafen	sleep	tidur	entub	entub	
608	Watubella	Südofter-Inseln	schlafen	sleep	tidur	dunēf	dunēf	
608	Goram	Südofter-Inseln	schlafen	sleep	tidur	teihi	teihi	
608	Karufa	Neuguinea	schlafen	sleep	tidur	dedumdumba	dedumdumba	
608	Nufoor	Neuguinea	schlafen	sleep	tidur	enèf	enèf	
608	Andai	Neuguinea	schlafen	sleep	tidur	komaboon	komaboon	
608	Hattam	Neuguinea	schlafen	sleep	tidur	njemana	njemana	
608	Humboldtbai	Neuguinea	schlafen	sleep	tidur	anu	anu	
608	Malaienländer	Sumātra	sehen	see	melihat	lihat	lihat	
608	Singkel	Sumātra	sehen	see	melihat	tengen	tengen	
608	Mentawej-Inseln	Inselgruppen weftlich von Sumātra	sehen	see	melihat	djo	djo	
608	Nias	Inselgruppen weftlich von Sumātra	sehen	see	melihat	feigi	feigi	
608	Engano	Inselgruppen weftlich von Sumātra	sehen	see	melihat	pipinai	pipinai	
608	Gorontalo	Selēbes	sehen	see	melihat	moohnto	moohnto	
608	Wammer	Aru-Inseln	sehen	see	melihat	dasei	dasei	
608	Wonumbai	Aru-Inseln	sehen	see	melihat	deüssi	deüssi	
608	Trangan	Aru-Inseln	sehen	see	melihat	dèssé	dèssé	
608	Tijoor	Südofter-Inseln	sehen	see	melihat	takon	takon	
608	Kei-Inseln	Südofter-Inseln	sehen	see	melihat	enkiïd	enkiïd	
608	Watubella	Südofter-Inseln	sehen	see	melihat	issinie	issinie	
608	Goram	Südofter-Inseln	sehen	see	melihat	tetoöl	tetoöl	
608	Karufa	Neuguinea	sehen	see	melihat	teiti	teiti	
608	Nufoor	Neuguinea	sehen	see	melihat	mam	mam	
608	Andai	Neuguinea	sehen	see	melihat	kasiehm	kasiehm	
608	Hattam	Neuguinea	sehen	see	melihat	njingǎdei	njingǎdei	
608	Humboldtbai	Neuguinea	sehen	see	melihat	wendu	wendu	
608	Malaienländer	Sumātra	sprechen	speak	berbicara	bielang	bielang	
608	Singkel	Sumātra	sprechen	speak	berbicara	kata	kata	
608	Mentawej-Inseln	Inselgruppen weftlich von Sumātra	sprechen	speak	berbicara	tibboi	tibboi	
608	Nias	Inselgruppen weftlich von Sumātra	sprechen	speak	berbicara	mohōdè	mohōdè	
608	Engano	Inselgruppen weftlich von Sumātra	sprechen	speak	berbicara	pagunan	pagunan	
608	Gorontalo	Selēbes	sprechen	speak	berbicara	moloïja	moloïja	
608	Togean-Inseln	Selēbes	sprechen	speak	berbicara	mottatoi	mottatoi	
608	Karufa	Neuguinea	sprechen	speak	berbicara	iwar	iwar	
608	Nufoor	Neuguinea	sprechen	speak	berbicara	bebisjara	bebisjara	
608	Andai	Neuguinea	sprechen	speak	berbicara	kaparaap	kaparaap	
608	Hattam	Neuguinea	sprechen	speak	berbicara	njebuahmbu	njebuahmbu	
608	Malaienländer	Sumātra	stehen	stand	berdiri	berdiri	bediri	berdiri
608	Singkel	Sumātra	stehen	stand	berdiri	tgendag	tgendag	
608	Banjak-Inseln	Inselgruppen weftlich von Sumātra	stehen	stand	berdiri	omiedu	omiedu	
608	Mentawej-Inseln	Inselgruppen weftlich von Sumātra	stehen	stand	berdiri	suruke	suruke	
608	Nias	Inselgruppen weftlich von Sumātra	stehen	stand	berdiri	medijio	medijio	
608	Engano	Inselgruppen weftlich von Sumātra	stehen	stand	berdiri	hehelu	hehelu	
608	Gorontalo	Selēbes	stehen	stand	berdiri	dimuhulo	dimuhulo	
608	Wammer	Aru-Inseln	stehen	stand	berdiri	tartamère	tartamère	
608	Wonumbai	Aru-Inseln	stehen	stand	berdiri	kordamerer	kordamerer	
608	Trangan	Aru-Inseln	stehen	stand	berdiri	kordamerer	kordamerer	
608	Tijoor	Südofter-Inseln	stehen	stand	berdiri	merierie	merierie	
608	Goram	Südofter-Inseln	stehen	stand	berdiri	tamaririe	tamaririe	
608	Karufa	Neuguinea	stehen	stand	berdiri	teimeriedi	teimeriedi	
608	Nufoor	Neuguinea	stehen	stand	berdiri	orès	orès	
608	Andai	Neuguinea	stehen	stand	berdiri	kaas	kaas	
608	Hattam	Neuguinea	stehen	stand	berdiri	njauweh	njauweh	
608	Malaienländer	Sumātra	stehlen	steal	mencuri	mentjurie	mentjurie	
608	Singkel	Sumātra	stehlen	steal	mencuri	menangko	menangko	
608	Mentawej-Inseln	Inselgruppen weftlich von Sumātra	stehlen	steal	mencuri	menango	menango	
608	Nias	Inselgruppen weftlich von Sumātra	stehlen	steal	mencuri	menāgo	menāgo	
608	Engano	Inselgruppen weftlich von Sumātra	stehlen	steal	mencuri	pabeha	pabeha	
608	Gorontalo	Selēbes	stehlen	steal	mencuri	motao	motao	
608	Wammer	Aru-Inseln	stehlen	steal	mencuri	denangar	denangar	
608	Wonumbai	Aru-Inseln	stehlen	steal	mencuri	djananga	djananga	
608	Trangan	Aru-Inseln	stehlen	steal	mencuri	nanga	nanga	
608	Tijoor	Südofter-Inseln	stehlen	steal	mencuri	bleus	bleus	
608	Goram	Südofter-Inseln	stehlen	steal	mencuri	tahelèus	tahelèus	
608	Nufoor	Neuguinea	stehlen	steal	mencuri	krau	krau	
608	Andai	Neuguinea	stehlen	steal	mencuri	kerri	kerri	
608	Hattam	Neuguinea	stehlen	steal	mencuri	ujaja	ujaja	
609	Malaienländer	Sumātra	essen	eat	makan	makan	makan	
609	Singkel	Sumātra	essen	eat	makan	mangan	mangan	
609	Banjak-Inseln	Inselgruppen weftlich von Sumātra	essen	eat	makan	mangan	mangan	
609	Mentawej-Inseln	Inselgruppen weftlich von Sumātra	essen	eat	makan	mokom	mokom	
609	Nias	Inselgruppen weftlich von Sumātra	essen	eat	makan	mǎnga	mǎnga	
609	Engano	Inselgruppen weftlich von Sumātra	essen	eat	makan	fakinono	fakinono	
609	Gorontalo	Selēbes	essen	eat	makan	monga	monga	
609	Togean-Inseln	Selēbes	essen	eat	makan	mokoni	mokoni	
609	Wammer	Aru-Inseln	essen	eat	makan	dammenam	dammenam	
609	Wonumbai	Aru-Inseln	essen	eat	makan	komenam	komenam	
609	Trangan	Aru-Inseln	essen	eat	makan	momenam	momenam	
609	Koor	Südofter-Inseln	essen	eat	makan	segaan	segaan	
609	Tijoor	Südofter-Inseln	essen	eat	makan	gahanga	gahanga	
609	Watubella	Südofter-Inseln	essen	eat	makan	maua	maua	
609	Goram	Südofter-Inseln	essen	eat	makan	taumenia	taumenia	
609	Karufa	Neuguinea	essen	eat	makan	teika	teika	
609	Nufoor	Neuguinea	essen	eat	makan	aan	aan	
609	Andai	Neuguinea	essen	eat	makan	keëm	keëm	
609	Hattam	Neuguinea	essen	eat	makan	nejemᶏ	nejemᶏ	
609	Malaienländer	Sumātra	kaufen	buy	membeli	bəlie	bəlie	
609	Singkel	Sumātra	kaufen	buy	membeli	tobor	tobor	
609	Banjak-Inseln	Inselgruppen weftlich von Sumātra	kaufen	buy	membeli	belie	belie	
609	Mentawej-Inseln	Inselgruppen weftlich von Sumātra	kaufen	buy	membeli	menginang	menginang	
609	Nias	Inselgruppen weftlich von Sumātra	kaufen	buy	membeli	mobohli	mobohli	
609	Engano	Inselgruppen weftlich von Sumātra	kaufen	buy	membeli	pahgélie	pahgélie	
609	Gorontalo	Selēbes	kaufen	buy	membeli	niotalie	niotalie	
609	Wammer	Aru-Inseln	kaufen	buy	membeli	dagoh	dagoh	
609	Wonumbai	Aru-Inseln	kaufen	buy	membeli	kogohlie	kogohlie	
609	Trangan	Aru-Inseln	kaufen	buy	membeli	kogohlie	kogohlie	
609	Kei-Inseln	Südofter-Inseln	kaufen	buy	membeli	emfuhah	emfuhah	
609	Watubella	Südofter-Inseln	kaufen	buy	membeli	malsawu	malsawu	
609	Goram	Südofter-Inseln	kaufen	buy	membeli	tehaas	tehaas	
609	Karufa	Neuguinea	kaufen	buy	membeli	tamangurie	tamangurie	
609	Nufoor	Neuguinea	kaufen	buy	membeli	kobis	kobis	
609	Andai	Neuguinea	kaufen	buy	membeli	kasup	kasup	
609	Hattam	Neuguinea	kaufen	buy	membeli	napaika	napaika	
609	Malaienländer	Sumātra	lachen	laugh	tertawa	tatahwa	tatahwa	
609	Singkel	Sumātra	lachen	laugh	tertawa	tatawa	tatawa	
609	Banjak-Inseln	Inselgruppen weftlich von Sumātra	lachen	laugh	tertawa	amehgun	amehgun	
609	Mentawej-Inseln	Inselgruppen weftlich von Sumātra	lachen	laugh	tertawa	gahgah	gahgah	
609	Nias	Inselgruppen weftlich von Sumātra	lachen	laugh	tertawa	maigi	maigi	
609	Engano	Inselgruppen weftlich von Sumātra	lachen	laugh	tertawa	nehoha	nehoha	
609	Gorontalo	Selēbes	lachen	laugh	tertawa	moiï	moiï	
609	Togean-Inseln	Selēbes	lachen	laugh	tertawa	moggeele	moggeele	
609	Kei-Inseln	Südofter-Inseln	lachen	laugh	tertawa	malit	malit	
609	Karufa	Neuguinea	lachen	laugh	tertawa	triweriwi	triweriwi	
609	Nufoor	Neuguinea	lachen	laugh	tertawa	mbrief	mbrief	
609	Andai	Neuguinea	lachen	laugh	tertawa	kapra	kapra	
609	Hattam	Neuguinea	lachen	laugh	tertawa	njupa	njupa	
609	Malaienländer	Sumātra	schlagen	beat	mengalahkan	pukul	pukul	
609	Singkel	Sumātra	schlagen	beat	mengalahkan	pulul	pulul	
609	Banjak-Inseln	Inselgruppen weftlich von Sumātra	schlagen	beat	mengalahkan	hantam	hantam	
609	Mentawej-Inseln	Inselgruppen weftlich von Sumātra	schlagen	beat	mengalahkan	bohbo	bohbo	
609	Nias	Inselgruppen weftlich von Sumātra	schlagen	beat	mengalahkan	bidji	bidji	
609	Togean-Inseln	Selēbes	schlagen	beat	mengalahkan	mobombatie	mobombatie	
609	Wammer	Aru-Inseln	schlagen	beat	mengalahkan	dagoh	dagoh	
609	Wonumbai	Aru-Inseln	schlagen	beat	mengalahkan	kogohlie	kogohlie	
609	Trangan	Aru-Inseln	schlagen	beat	mengalahkan	kogohlie	kogohlie	
609	Watubella	Südofter-Inseln	schlagen	beat	mengalahkan	malsawu	malsawu	
609	Goram	Südofter-Inseln	schlagen	beat	mengalahkan	tehaas	tehaas	
609	Karufa	Neuguinea	schlagen	beat	mengalahkan	misingie	misingie	
609	Nufoor	Neuguinea	schlagen	beat	mengalahkan	breer	breer	
609	Andai	Neuguinea	schlagen	beat	mengalahkan	batiëp	batiëp	
609	Hattam	Neuguinea	schlagen	beat	mengalahkan	nataima	nataima	
609	Malaienländer	Sumātra	tödten	kill	membunuh	bunu	bunu	
609	Singkel	Sumātra	tödten	kill	membunuh	bunu	bunu	
609	Banjak-Inseln	Inselgruppen weftlich von Sumātra	tödten	kill	membunuh	bunu	bunu	
609	Mentawej-Inseln	Inselgruppen weftlich von Sumātra	tödten	kill	membunuh	melotje	melotje	
609	Nias	Inselgruppen weftlich von Sumātra	tödten	kill	membunuh	bunu	bunu	
609	Engano	Inselgruppen weftlich von Sumātra	tödten	kill	membunuh	pedudiahn	pedudiahn	
609	Wammer	Aru-Inseln	tödten	kill	membunuh	dofundie	dofundie	
609	Wonumbai	Aru-Inseln	tödten	kill	membunuh	dofundie	dofundie	
609	Trangan	Aru-Inseln	tödten	kill	membunuh	dirfun	dirfun	
609	Koor	Südofter-Inseln	tödten	kill	membunuh	tarun	tarun	
609	Kei-Inseln	Südofter-Inseln	tödten	kill	membunuh	grimati	grimati	
609	Watubella	Südofter-Inseln	tödten	kill	membunuh	bunie	bunie	
609	Goram	Südofter-Inseln	tödten	kill	membunuh	tataara	tataara	
609	Karufa	Neuguinea	tödten	kill	membunuh	tanamata	tanamata	
609	Nufoor	Neuguinea	tödten	kill	membunuh	perum	perum	
609	Andai	Neuguinea	tödten	kill	membunuh	kapaan	kapaan	
609	Hattam	Neuguinea	tödten	kill	membunuh	njetauda	njetauda	
609	Humboldtbai	Neuguinea	tödten	kill	membunuh	mabu	mabu	
609	Malaienländer	Sumātra	trinken	drink	minum	minum	minum	
609	Singkel	Sumātra	trinken	drink	minum	minum	minum	
609	Banjak-Inseln	Inselgruppen weftlich von Sumātra	trinken	drink	minum	uh	uh	
609	Mentawej-Inseln	Inselgruppen weftlich von Sumātra	trinken	drink	minum	loh	loh	
609	Nias	Inselgruppen weftlich von Sumātra	trinken	drink	minum	bahdu	bahdu	
609	Engano	Inselgruppen weftlich von Sumātra	trinken	drink	minum	indjoh	indjoh	
609	Gorontalo	Selēbes	trinken	drink	minum	mongilu	mongilu	
609	Togean-Inseln	Selēbes	trinken	drink	minum	mangino	mangino	
609	Wammer	Aru-Inseln	trinken	drink	minum	dran	dran	
609	Wonumbai	Aru-Inseln	trinken	drink	minum	kohn	kohn	
609	Trangan	Aru-Inseln	trinken	drink	minum	mon	mon	
609	Koor	Südofter-Inseln	trinken	drink	minum	tiehn	tiehn	
609	Tijoor	Südofter-Inseln	trinken	drink	minum	mnimon	mnimon	
609	Kei-Inseln	Südofter-Inseln	trinken	drink	minum	tihnu	tihnu	
609	Watubella	Südofter-Inseln	trinken	drink	minum	deimu	deimu	
609	Goram	Südofter-Inseln	trinken	drink	minum	tinu	tinu	
609	Karufa	Neuguinea	trinken	drink	minum	teinum	teinum	
609	Nufoor	Neuguinea	trinken	drink	minum	ienem	ienem	
609	Andai	Neuguinea	trinken	drink	minum	koot	koot	
609	Hattam	Neuguinea	trinken	drink	minum	indumiegjai	indumiegjai	
610	Malaienländer	Sumātra	gelb	yellow	kuning	kuning	kuning	
610	Singkel	Sumātra	gelb	yellow	kuning	gressing	gressing	
610	Banjak-Inseln	Inselgruppen weftlich von Sumātra	gelb	yellow	kuning	kuning	kuning	
610	Mentawej-Inseln	Inselgruppen weftlich von Sumātra	gelb	yellow	kuning	mnkienu	mnkienu	
610	Nias	Inselgruppen weftlich von Sumātra	gelb	yellow	kuning	aüso	aüso	
610	Engano	Inselgruppen weftlich von Sumātra	gelb	yellow	kuning	kimékek	kimékek	
610	Gorontalo	Selēbes	gelb	yellow	kuning	molalāhu	molalāhu	
610	Togean-Inseln	Selēbes	gelb	yellow	kuning	makunie	makunie	
610	Wammer	Aru-Inseln	gelb	yellow	kuning	erkunin	erkunin	
610	Wonumbai	Aru-Inseln	gelb	yellow	kuning	erkunina	erkunina	
610	Trangan	Aru-Inseln	gelb	yellow	kuning	kunkunir	kunkunir	
610	Kei-Inseln	Südofter-Inseln	gelb	yellow	kuning	tohm	tohm	
610	Watubella	Südofter-Inseln	gelb	yellow	kuning	uning	uning	
610	Goram	Südofter-Inseln	gelb	yellow	kuning	uning	uning	
610	Karufa	Neuguinea	gelb	yellow	kuning	unie	unie	
610	Nufoor	Neuguinea	gelb	yellow	kuning	namiar	namiar	
610	Andai	Neuguinea	gelb	yellow	kuning	sieën	sieën	
610	Hattam	Neuguinea	gelb	yellow	kuning	nengoja	nengoja	
610	Malaienländer	Sumātra	ja	yes	ya	ada	ada	
610	Singkel	Sumātra	ja	yes	ya	neh	ueh	neh
610	Banjak-Inseln	Inselgruppen weftlich von Sumātra	ja	yes	ya	enga	enga	
610	Mentawej-Inseln	Inselgruppen weftlich von Sumātra	ja	yes	ya	onon	onon	
610	Nias	Inselgruppen weftlich von Sumātra	ja	yes	ya	eh	eh	
610	Engano	Inselgruppen weftlich von Sumātra	ja	yes	ya	oh	oh	
610	Gorontalo	Selēbes	ja	yes	ya	oö	00	oö
610	Karufa	Neuguinea	ja	yes	ya	oro	oro	
610	Nufoor	Neuguinea	ja	yes	ya	ju	ju	
610	Andai	Neuguinea	ja	yes	ya	karuwer	karuwer	
610	Hattam	Neuguinea	ja	yes	ya	ju	ju	
610	Malaienländer	Sumātra	nein	no	tidak	trahda	trahda	
610	Singkel	Sumātra	nein	no	tidak	malle	malle	
610	Banjak-Inseln	Inselgruppen weftlich von Sumātra	nein	no	tidak	baon	baon	
610	Mentawej-Inseln	Inselgruppen weftlich von Sumātra	nein	no	tidak	tamei	tamei	
610	Nias	Inselgruppen weftlich von Sumātra	nein	no	tidak	lō-ǒ	10-0	lō-ǒ
610	Engano	Inselgruppen weftlich von Sumātra	nein	no	tidak	keba	keba	
610	Gorontalo	Selēbes	nein	no	tidak	jahlo	jahlo	
610	Karufa	Neuguinea	nein	no	tidak	maratei	maratei	
610	Nufoor	Neuguinea	nein	no	tidak	roba	roba	
610	Andai	Neuguinea	nein	no	tidak	eibaar	eibaar	
610	Hattam	Neuguinea	nein	no	tidak	hibi	hibi	
610	Malaienländer	Sumātra	roth	red	merah	mejrab	mejrab	
610	Singkel	Sumātra	roth	red	merah	bara	bara	
610	Banjak-Inseln	Inselgruppen weftlich von Sumātra	roth	red	merah	awahla	awahla	
610	Mentawej-Inseln	Inselgruppen weftlich von Sumātra	roth	red	merah	mabohgat	mabohgat	
610	Nias	Inselgruppen weftlich von Sumātra	roth	red	merah	oijo	oijo	
610	Engano	Inselgruppen weftlich von Sumātra	roth	red	merah	kaki-aki	kaki-aki	
610	Gorontalo	Selēbes	roth	red	merah	mehla	mehla	
610	Togean-Inseln	Selēbes	roth	red	merah	mearro	mearro	
610	Wammer	Aru-Inseln	roth	red	merah	kuikui	kuikui	
610	Wonumbai	Aru-Inseln	roth	red	merah	koikoi	koikoi	
610	Trangan	Aru-Inseln	roth	red	merah	koikoi	koikoi	
610	Koor	Südofter-Inseln	roth	red	merah	wulwuhl	wulwuhl	
610	Tijoor	Südofter-Inseln	roth	red	merah	merra	merra	
610	Kei-Inseln	Südofter-Inseln	roth	red	merah	wulwul	wulwul	
610	Watubella	Südofter-Inseln	roth	red	merah	tatai	tatai	
610	Goram	Südofter-Inseln	roth	red	merah	mehra	mehra	
610	Karufa	Neuguinea	roth	red	merah	oamba	oamba	
610	Nufoor	Neuguinea	roth	red	merah	piërper	piërper	
610	Andai	Neuguinea	roth	red	merah	retau	retau	
610	Hattam	Neuguinea	roth	red	merah	mengojaan	mengojaan	
610	Malaienländer	Sumātra	schwarz	black	hitam	hitam	hitam	
610	Singkel	Sumātra	schwarz	black	hitam	berang	berang	
610	Banjak-Inseln	Inselgruppen weftlich von Sumātra	schwarz	black	hitam	medem	medem	
610	Mentawej-Inseln	Inselgruppen weftlich von Sumātra	schwarz	black	hitam	mesurau	mesurau	
610	Nias	Inselgruppen weftlich von Sumātra	schwarz	black	hitam	aito	aito	
610	Engano	Inselgruppen weftlich von Sumātra	schwarz	black	hitam	kimona	kimona	
610	Gorontalo	Selēbes	schwarz	black	hitam	moitomo	moitomo	
610	Togean-Inseln	Selēbes	schwarz	black	hitam	meta	meta	
610	Wammer	Aru-Inseln	schwarz	black	hitam	borie	borie	
610	Wonumbai	Aru-Inseln	schwarz	black	hitam	borie	borie	
610	Trangan	Aru-Inseln	schwarz	black	hitam	burrie	burrie	
610	Koor	Südofter-Inseln	schwarz	black	hitam	midan	midan	
610	Tijoor	Südofter-Inseln	schwarz	black	hitam	medan	medan	
610	Kei-Inseln	Südofter-Inseln	schwarz	black	hitam	métan	métan	
610	Watubella	Südofter-Inseln	schwarz	black	hitam	meétten	meétten	
610	Goram	Südofter-Inseln	schwarz	black	hitam	mèttan	mèttan	
610	Karufa	Neuguinea	schwarz	black	hitam	meita	meita	
610	Nufoor	Neuguinea	schwarz	black	hitam	paisim	paisim	
610	Andai	Neuguinea	schwarz	black	hitam	geroom	geroom	
610	Hattam	Neuguinea	schwarz	black	hitam	nemunaan	nemunaan	
610	Malaienländer	Sumātra	weiss	white	putih	puti	puti	
610	Singkel	Sumātra	weiss	white	putih	benda	benda	
610	Banjak-Inseln	Inselgruppen weftlich von Sumātra	weiss	white	putih	maodin	maodin	
610	Mentawej-Inseln	Inselgruppen weftlich von Sumātra	weiss	white	putih	mebulau	mebulau	
610	Nias	Inselgruppen weftlich von Sumātra	weiss	white	putih	afusi	afusi	
610	Engano	Inselgruppen weftlich von Sumātra	weiss	white	putih	kuhudau	kuhudau	
610	Togean-Inseln	Selēbes	weiss	white	putih	buija	buija	
610	Wammer	Aru-Inseln	weiss	white	putih	erren	erren	
610	Wonumbai	Aru-Inseln	weiss	white	putih	erren	erren	
610	Trangan	Aru-Inseln	weiss	white	putih	ereren	ereren	
610	Tijoor	Südofter-Inseln	weiss	white	putih	mahudi	mahudi	
610	Kei-Inseln	Südofter-Inseln	weiss	white	putih	ngingiar	ngingiar	
610	Watubella	Südofter-Inseln	weiss	white	putih	mafuti	mafuti	
610	Goram	Südofter-Inseln	weiss	white	putih	mahuti	mahuti	
610	Karufa	Neuguinea	weiss	white	putih	raha	raha	
610	Nufoor	Neuguinea	weiss	white	putih	piupper	piupper	
610	Andai	Neuguinea	weiss	white	putih	paau	paau	
610	Hattam	Neuguinea	weiss	white	putih	netniënja	netniënja	
611	Malaienländer	Sumātra	1	1	1	satu	satu	
611	Singkel	Sumātra	1	1	1	sada	sada	
611	Banjak-Inseln	Inselgruppen weftlich von Sumātra	1	1	1	assa	assa	
611	Mentawej-Inseln	Inselgruppen weftlich von Sumātra	1	1	1	sara	sara	
611	Nias	Inselgruppen weftlich von Sumātra	1	1	1	sara	sara	
611	Engano	Inselgruppen weftlich von Sumātra	1	1	1	bahai	bahai	
611	Gorontalo	Selēbes	1	1	1	oïnta	oïnta	
611	Togean-Inseln	Selēbes	1	1	1	issa	issa	
611	Wammer	Aru-Inseln	1	1	1	ètu	ètu	
611	Wonumbai	Aru-Inseln	1	1	1	ètu	ètu	
611	Trangan	Aru-Inseln	1	1	1	ètu	ètu	
611	Koor	Südofter-Inseln	1	1	1	kélé	kélé	
611	Tijoor	Südofter-Inseln	1	1	1	sa	sa	
611	Kei-Inseln	Südofter-Inseln	1	1	1	famahej	famahej	
611	Watubella	Südofter-Inseln	1	1	1	iha	iha	
611	Goram	Südofter-Inseln	1	1	1	sa	sa	
611	Karufa	Neuguinea	1	1	1	simoksi	simoksi	
611	Nufoor	Neuguinea	1	1	1	sai	sai	
611	Andai	Neuguinea	1	1	1	uëm	uëm	
611	Hattam	Neuguinea	1	1	1	ngoom	ngoom	
611	Malaienländer	Sumātra	2	2	2	dua	dua	
611	Singkel	Sumātra	2	2	2	dua	dua	
611	Banjak-Inseln	Inselgruppen weftlich von Sumātra	2	2	2	dua	dua	
611	Mentawej-Inseln	Inselgruppen weftlich von Sumātra	2	2	2	donga	donga.	donga
611	Nias	Inselgruppen weftlich von Sumātra	2	2	2	dua	dua	
611	Engano	Inselgruppen weftlich von Sumātra	2	2	2	adua	adua	
611	Gorontalo	Selēbes	2	2	2	oluo	oluo	
611	Togean-Inseln	Selēbes	2	2	2	dua	dua	
611	Wammer	Aru-Inseln	2	2	2	rua	rua	
611	Wonumbai	Aru-Inseln	2	2	2	ruep	ruep	
611	Trangan	Aru-Inseln	2	2	2	rua	rua	
611	Koor	Südofter-Inseln	2	2	2	rua	rua	
611	Tijoor	Südofter-Inseln	2	2	2	roti	roti	
611	Watubella	Südofter-Inseln	2	2	2	rua	rua	
611	Goram	Südofter-Inseln	2	2	2	roti	roti	
611	Karufa	Neuguinea	2	2	2	rueiti	rueiti	
611	Nufoor	Neuguinea	2	2	2	suru	suru	
611	Andai	Neuguinea	2	2	2	jaar	jaar	
611	Hattam	Neuguinea	2	2	2	njana	njana	
611	Malaienländer	Sumātra	du	you	kamu	kweh	kweh	
611	Singkel	Sumātra	du	you	kamu	rona	rona	
611	Banjak-Inseln	Inselgruppen weftlich von Sumātra	du	you	kamu	riu	riu	
611	Mentawej-Inseln	Inselgruppen weftlich von Sumātra	du	you	kamu	kam	kam	
611	Nias	Inselgruppen weftlich von Sumātra	du	you	kamu	jaohgo	jaohgo	
611	Engano	Inselgruppen weftlich von Sumātra	du	you	kamu	baräe	baräe	
611	Gorontalo	Selēbes	du	you	kamu	ieo	ieo	
611	Wammer	Aru-Inseln	du	you	kamu	kani	kani	
611	Wonumbai	Aru-Inseln	du	you	kamu	owèla	owèla	
611	Trangan	Aru-Inseln	du	you	kamu	kau	kau	
611	Goram	Südofter-Inseln	du	you	kamu	au	au	
611	Karufa	Neuguinea	du	you	kamu	wei	wei	
611	Nufoor	Neuguinea	du	you	kamu	au	au	
611	Andai	Neuguinea	du	you	kamu	uwaar	uwaar	
611	Hattam	Neuguinea	du	you	kamu	biëh	biëh	
611	Malaienländer	Sumātra	er	he	dia	dieja	dieja	
611	Singkel	Sumātra	er	he	dia	ieja	ieja	
611	Banjak-Inseln	Inselgruppen weftlich von Sumātra	er	he	dia	dio	dio	
611	Mentawej-Inseln	Inselgruppen weftlich von Sumātra	er	he	dia	kasia	kasia	
611	Nias	Inselgruppen weftlich von Sumātra	er	he	dia	jaïja	jaïja	
611	Engano	Inselgruppen weftlich von Sumātra	er	he	dia	dé	dé	
611	Gorontalo	Selēbes	er	he	dia	kotieje	kotieje	
611	Wammer	Aru-Inseln	er	he	dia	nai	nai	
611	Wonumbai	Aru-Inseln	er	he	dia	nai	nai	
611	Trangan	Aru-Inseln	er	he	dia	jai	jai	
611	Goram	Südofter-Inseln	er	he	dia	i	i	
611	Karufa	Neuguinea	er	he	dia	lako	lako	
611	Nufoor	Neuguinea	er	he	dia	i	i	
611	Andai	Neuguinea	er	he	dia	riën	riën	
611	Hattam	Neuguinea	er	he	dia	riena	riena	
611	Malaienländer	Sumātra	ich	I	saya	gua	gua	
611	Singkel	Sumātra	ich	I	saya	aku	aku	
611	Banjak-Inseln	Inselgruppen weftlich von Sumātra	ich	I	saya	rehu	rehu	
611	Mentawej-Inseln	Inselgruppen weftlich von Sumātra	ich	I	saya	kai	kai	
611	Nias	Inselgruppen weftlich von Sumātra	ich	I	saya	jaohto	jaohto	
611	Engano	Inselgruppen weftlich von Sumātra	ich	I	saya	ua	ua	
611	Gorontalo	Selēbes	ich	I	saya	waü	waü	
611	Wammer	Aru-Inseln	ich	I	saya	aku	aku	
611	Wonumbai	Aru-Inseln	ich	I	saya	aku	aku	
611	Trangan	Aru-Inseln	ich	I	saya	aku	aku	
611	Goram	Südofter-Inseln	ich	I	saya	as	as	
611	Karufa	Neuguinea	ich	I	saya	la	la	
611	Nufoor	Neuguinea	ich	I	saya	aja	aja	
611	Andai	Neuguinea	ich	I	saya	nanun	nanun	
611	Hattam	Neuguinea	ich	I	saya	noria	noria	
611	Malaienländer	Sumātra	mein	mine	milik saya	gua punja	guapunja	gua punja
611	Singkel	Sumātra	mein	mine	milik saya	akudassa	akudassa	
611	Mentawej-Inseln	Inselgruppen weftlich von Sumātra	mein	mine	milik saya	akusebakatnia	akusebakatnia	
611	Nias	Inselgruppen weftlich von Sumātra	mein	mine	milik saya	hōgu	hōgu	
611	Gorontalo	Selēbes	mein	mine	milik saya	ualaü	ualaü	
611	Wammer	Aru-Inseln	mein	mine	milik saya	kanan	kanan	
611	Wonumbai	Aru-Inseln	mein	mine	milik saya	kanang	kanang	
611	Trangan	Aru-Inseln	mein	mine	milik saya	kinang	kinang	
611	Goram	Südofter-Inseln	mein	mine	milik saya	aümigu	aümigu	
611	Nufoor	Neuguinea	mein	mine	milik saya	jed	jed	
611	Andai	Neuguinea	mein	mine	milik saya	buni	buni	
611	Hattam	Neuguinea	mein	mine	milik saya	dedai	dedai	
612	Malaienländer	Sumātra	3	3	3	tiga	tiga	
612	Singkel	Sumātra	3	3	3	telu	telu	
612	Banjak-Inseln	Inselgruppen weftlich von Sumātra	3	3	3	telu	telu	
612	Mentawej-Inseln	Inselgruppen weftlich von Sumātra	3	3	3	telo	telo	
612	Nias	Inselgruppen weftlich von Sumātra	3	3	3	tehlu	tehlu	
612	Engano	Inselgruppen weftlich von Sumātra	3	3	3	akalu	akalu	
612	Gorontalo	Selēbes	3	3	3	otohlu	otohlu	
612	Togean-Inseln	Selēbes	3	3	3	toga	toga	
612	Wammer	Aru-Inseln	3	3	3	lasie	lasie	
612	Wonumbai	Aru-Inseln	3	3	3	lasi	lasi	
612	Trangan	Aru-Inseln	3	3	3	lasie	lasie	
612	Koor	Südofter-Inseln	3	3	3	täl	täl	
612	Tijoor	Südofter-Inseln	3	3	3	tohlu	tohlu	
612	Kei-Inseln	Südofter-Inseln	3	3	3	tihlu	tihlu	
612	Watubella	Südofter-Inseln	3	3	3	tohlu	tohlu	
612	Goram	Südofter-Inseln	3	3	3	tohlu	tohlu	
612	Karufa	Neuguinea	3	3	3	tohru	tohru	
612	Nufoor	Neuguinea	3	3	3	kior	kior	
612	Andai	Neuguinea	3	3	3	kaar	kaar	
612	Hattam	Neuguinea	3	3	3	ningaai	ningaai	
612	Malaienländer	Sumātra	4	4	4	ampat	ampat	
612	Singkel	Sumātra	4	4	4	ampet	ampet	
612	Banjak-Inseln	Inselgruppen weftlich von Sumātra	4	4	4	ampe	ampe	
612	Mentawej-Inseln	Inselgruppen weftlich von Sumātra	4	4	4	epat	epat	
612	Nias	Inselgruppen weftlich von Sumātra	4	4	4	ofa	ofa	
612	Engano	Inselgruppen weftlich von Sumātra	4	4	4	aopa	aopa	
612	Gorontalo	Selēbes	4	4	4	opatto	opatto	
612	Togean-Inseln	Selēbes	4	4	4	opo	opo	
612	Wammer	Aru-Inseln	4	4	4	ka	ka	
612	Wonumbai	Aru-Inseln	4	4	4	kai	kai	
612	Trangan	Aru-Inseln	4	4	4	kaua	kaua	
612	Koor	Südofter-Inseln	4	4	4	paät	paät	
612	Tijoor	Südofter-Inseln	4	4	4	hat	hat	
612	Watubella	Südofter-Inseln	4	4	4	fatta	fatta	
612	Goram	Südofter-Inseln	4	4	4	haat	haat	
612	Karufa	Neuguinea	4	4	4	bahdi	bahdi	
612	Nufoor	Neuguinea	4	4	4	fiak	fiak	
612	Andai	Neuguinea	4	4	4	taar	taar	
612	Hattam	Neuguinea	4	4	4	betai	betai	
612	Malaienländer	Sumātra	5	5	5	lima	lima	
612	Singkel	Sumātra	5	5	5	limau	limau	
612	Banjak-Inseln	Inselgruppen weftlich von Sumātra	5	5	5	lima	lima	
612	Mentawej-Inseln	Inselgruppen weftlich von Sumātra	5	5	5	lima	lima	
612	Nias	Inselgruppen weftlich von Sumātra	5	5	5	lima	lima	
612	Engano	Inselgruppen weftlich von Sumātra	5	5	5	alieba	alieba	
612	Gorontalo	Selēbes	5	5	5	olimo	olimo	
612	Togean-Inseln	Selēbes	5	5	5	limo	limo	
612	Wammer	Aru-Inseln	5	5	5	lima	lima	
612	Wonumbai	Aru-Inseln	5	5	5	lima	lima	
612	Trangan	Aru-Inseln	5	5	5	lima	lima	
612	Koor	Südofter-Inseln	5	5	5	lima	lima	
612	Tijoor	Südofter-Inseln	5	5	5	lim	lim	
612	Watubella	Südofter-Inseln	5	5	5	lima	lima	
612	Goram	Südofter-Inseln	5	5	5	liem	liem	
612	Karufa	Neuguinea	5	5	5	rimi	rimi	
612	Nufoor	Neuguinea	5	5	5	rim	rim	
612	Andai	Neuguinea	5	5	5	meswai	meswai	
612	Hattam	Neuguinea	5	5	5	muhing	muhing	
612	Malaienländer	Sumātra	6	6	6	anam	anam	
612	Singkel	Sumātra	6	6	6	anam	anam	
612	Banjak-Inseln	Inselgruppen weftlich von Sumātra	6	6	6	anam	anam	
612	Mentawej-Inseln	Inselgruppen weftlich von Sumātra	6	6	6	enen	enen	
612	Nias	Inselgruppen weftlich von Sumātra	6	6	6	ono	ono	
612	Engano	Inselgruppen weftlich von Sumātra	6	6	6	akiena	akiena	
612	Gorontalo	Selēbes	6	6	6	olomo	olomo	
612	Togean-Inseln	Selēbes	6	6	6	ono	ono	
612	Wammer	Aru-Inseln	6	6	6	dobu	dobu	
612	Wonumbai	Aru-Inseln	6	6	6	dubie	dubie	
612	Trangan	Aru-Inseln	6	6	6	dubie	dubie	
612	Koor	Südofter-Inseln	6	6	6	nähn	nähn	
612	Tijoor	Südofter-Inseln	6	6	6	onon	onon	
612	Watubella	Südofter-Inseln	6	6	6	onon	onon	
612	Goram	Südofter-Inseln	6	6	6	onon	onon	
612	Karufa	Neuguinea	6	6	6	rom-simoksi	rom-simoksi	
612	Nufoor	Neuguinea	6	6	6	onem	onem	
612	Andai	Neuguinea	6	6	6	kassuēm	kassuēm	
612	Hattam	Neuguinea	6	6	6	bridagoom	bridagoom	
612	Malaienländer	Sumātra	7	7	7	tudju	tudju	
612	Singkel	Sumātra	7	7	7	pitu	pitu	
612	Banjak-Inseln	Inselgruppen weftlich von Sumātra	7	7	7	fitu	fitu	
612	Mentawej-Inseln	Inselgruppen weftlich von Sumātra	7	7	7	pito	pito	
612	Nias	Inselgruppen weftlich von Sumātra	7	7	7	fitu	fitu	
612	Engano	Inselgruppen weftlich von Sumātra	7	7	7	alieba-adua	alieba-adua	
612	Gorontalo	Selēbes	7	7	7	opitu	opitu	
612	Togean-Inseln	Selēbes	7	7	7	pitu	pitu	
612	Wammer	Aru-Inseln	7	7	7	doābem	doābem	
612	Wonumbai	Aru-Inseln	7	7	7	dubemie	dubemie	
612	Trangan	Aru-Inseln	7	7	7	dubèm	clubèm	dubèm
612	Koor	Südofter-Inseln	7	7	7	piet	piet	
612	Tijoor	Südofter-Inseln	7	7	7	fitu	fitu	
612	Watubella	Südofter-Inseln	7	7	7	fitu	fitu	
612	Goram	Südofter-Inseln	7	7	7	fitu	fitu	
612	Karufa	Neuguinea	7	7	7	rim-rueiti	rim-rueiti	
612	Nufoor	Neuguinea	7	7	7	fik	fik	
612	Andai	Neuguinea	7	7	7	kassiaan	kassiaan	
612	Hattam	Neuguinea	7	7	7	briwébetaai	briwébetaai	
612	Malaienländer	Sumātra	8	8	8	delapan	delapan	
612	Singkel	Sumātra	8	8	8	walu	walu	
612	Banjak-Inseln	Inselgruppen weftlich von Sumātra	8	8	8	walu	walu	
612	Mentawej-Inseln	Inselgruppen weftlich von Sumātra	8	8	8	walo	walo	
612	Nias	Inselgruppen weftlich von Sumātra	8	8	8	walu	walu	
612	Engano	Inselgruppen weftlich von Sumātra	8	8	8	alieba-akelu	alieba-akelu	
612	Gorontalo	Selēbes	8	8	8	oalu	oalu	
612	Togean-Inseln	Selēbes	8	8	8	wapu	wapu	
612	Wammer	Aru-Inseln	8	8	8	karua	karua	
612	Wonumbai	Aru-Inseln	8	8	8	karuë	karuë	
612	Trangan	Aru-Inseln	8	8	8	karua	karua	
612	Koor	Südofter-Inseln	8	8	8	wah	wah	
612	Tijoor	Südofter-Inseln	8	8	8	alu	alu	
612	Watubella	Südofter-Inseln	8	8	8	alu	alu	
612	Goram	Südofter-Inseln	8	8	8	alu	alu	
612	Karufa	Neuguinea	8	8	8	rim-tahru	rim-tahru	
612	Nufoor	Neuguinea	8	8	8	waar	waar	
612	Andai	Neuguinea	8	8	8	kaskaar	kaskaar	
612	Hattam	Neuguinea	8	8	8	briwéningaai	briwéningaai	
613	Malaienländer	Sumātra	10	10	10	sapuhlu	sapuhlu	
613	Singkel	Sumātra	10	10	10	sapuhlu	sapuhlu	
613	Banjak-Inseln	Inselgruppen weftlich von Sumātra	10	10	10	fuhlu	fuhlu	
613	Mentawej-Inseln	Inselgruppen weftlich von Sumātra	10	10	10	pulu	pulu	
613	Nias	Inselgruppen weftlich von Sumātra	10	10	10	fuhlu	fuhlu	
613	Engano	Inselgruppen weftlich von Sumātra	10	10	10	tahapulu	tahapulu	
613	Gorontalo	Selēbes	10	10	10	mopulu	mopulu	
613	Togean-Inseln	Selēbes	10	10	10	sampuiju	sampuiju	
613	Wammer	Aru-Inseln	10	10	10	ur	ur	
613	Wonumbai	Aru-Inseln	10	10	10	uwafa	uwafa	
613	Trangan	Aru-Inseln	10	10	10	urfafei	urfafei	
613	Koor	Südofter-Inseln	10	10	10	sapul	sapul	
613	Tijoor	Südofter-Inseln	10	10	10	utja	utja	
613	Watubella	Südofter-Inseln	10	10	10	utuha	utuha	
613	Goram	Südofter-Inseln	10	10	10	wutga	wutga	
613	Karufa	Neuguinea	10	10	10	putja	putja	
613	Nufoor	Neuguinea	10	10	10	samfur	samfur	
613	Andai	Neuguinea	10	10	10	kameswai	kameswai	
613	Hattam	Neuguinea	10	10	10	simnaai	simnaai	
613	Malaienländer	Sumātra	100	100	100	saratus	saratus	
613	Singkel	Sumātra	100	100	100	taratus	taratus	
613	Banjak-Inseln	Inselgruppen weftlich von Sumātra	100	100	100	saratus	saratus	
613	Mentawej-Inseln	Inselgruppen weftlich von Sumātra	100	100	100	siegatu	siegatu	
613	Nias	Inselgruppen weftlich von Sumātra	100	100	100	otu	otu	
613	Engano	Inselgruppen weftlich von Sumātra	100	100	100	aliemai-takka	aliemai-takka	
613	Gorontalo	Selēbes	100	100	100	mahètutto	mahètutto	
613	Togean-Inseln	Selēbes	100	100	100	sadu	sadu	
613	Wammer	Aru-Inseln	100	100	100	ratieja	ratieja	
613	Wonumbai	Aru-Inseln	100	100	100	ratieja	ratieja	
613	Trangan	Aru-Inseln	100	100	100	ratieja	ratieja	
613	Koor	Südofter-Inseln	100	100	100	raas	raas	
613	Tijoor	Südofter-Inseln	100	100	100	rătja	rătja	
613	Watubella	Südofter-Inseln	100	100	100	ratua	ratua	
613	Goram	Südofter-Inseln	100	100	100	rătga	rătga	
613	Karufa	Neuguinea	100	100	100	raht	raht	
613	Nufoor	Neuguinea	100	100	100	utin	utin	
613	Malaienländer	Sumātra	15	15	15	lienablad	lienablad	
613	Singkel	Sumātra	15	15	15	sapuhlu-lima	sapuhlu-lima	
613	Banjak-Inseln	Inselgruppen weftlich von Sumātra	15	15	15	fuhlu-lima	fuhlu-lima	
613	Mentawej-Inseln	Inselgruppen weftlich von Sumātra	15	15	15	pulu-limo	pulu-limo	
613	Nias	Inselgruppen weftlich von Sumātra	15	15	15	félé-lima	félé-lima	
613	Engano	Inselgruppen weftlich von Sumātra	15	15	15	tahapulu-alieba	tahapulu-alieba	
613	Gorontalo	Selēbes	15	15	15	mopulu-wauwolimo	mopulu-wauwolimo	
613	Togean-Inseln	Selēbes	15	15	15	sampuiju-limo	sampuiju-limo	
613	Wammer	Aru-Inseln	15	15	15	urfafeige-melima	urfafeige-melima	
613	Wonumbai	Aru-Inseln	15	15	15	uwafa-melima	uwafa-melima	
613	Trangan	Aru-Inseln	15	15	15	urfafei-melima	urfafei-melima	
613	Koor	Südofter-Inseln	15	15	15	sapu-melim	sapu-mĕlím	sapu-melim
613	Tijoor	Südofter-Inseln	15	15	15	utja-melim	utja-melim	
613	Watubella	Südofter-Inseln	15	15	15	utua-melima	utua-melima	
613	Goram	Südofter-Inseln	15	15	15	wutja-silim	wutja-silim	
613	Karufa	Neuguinea	15	15	15	putja-rimi	putja-rimi	
613	Nufoor	Neuguinea	15	15	15	samfur-sisserim	samfur-sisserim	
613	Andai	Neuguinea	15	15	15	meswai-paap	meswai-paap	
613	Hattam	Neuguinea	15	15	15	simmuhing	simmuhing	
613	Malaienländer	Sumātra	20	20	20	duapuhlu	duapuhlu	
613	Singkel	Sumātra	20	20	20	duapuhlu	duapuhlu	
613	Banjak-Inseln	Inselgruppen weftlich von Sumātra	20	20	20	duafuhlu	duafuhlu	
613	Mentawej-Inseln	Inselgruppen weftlich von Sumātra	20	20	20	dongapulu	dongapulu	
613	Nias	Inselgruppen weftlich von Sumātra	20	20	20	dua-fuhlu	dua-fuhlu	
613	Engano	Inselgruppen weftlich von Sumātra	20	20	20	kahai-takka	kahai-takka	
613	Gorontalo	Selēbes	20	20	20	dulapulu	dulapulu	
613	Togean-Inseln	Selēbes	20	20	20	dijompuiju	[modijompuiju	dijompuiju
613	Wammer	Aru-Inseln	20	20	20	ufaferua	ufaferua	
613	Wonumbai	Aru-Inseln	20	20	20	urfaferuë	urfaferuë	
613	Trangan	Aru-Inseln	20	20	20	urfafeirua	urfafeirua	
613	Koor	Südofter-Inseln	20	20	20	utrua	utrua	
613	Tijoor	Südofter-Inseln	20	20	20	uturua	uturua	
613	Watubella	Südofter-Inseln	20	20	20	utrua	utrua	
613	Goram	Südofter-Inseln	20	20	20	wuturu	wuturu	
613	Karufa	Neuguinea	20	20	20	siumput-rueiti	siumput-rueiti	
613	Nufoor	Neuguinea	20	20	20	samfur-di-suru	samfur-di-suru	
613	Andai	Neuguinea	20	20	20	remetaunjaan	remetaunjaan	
613	Hattam	Neuguinea	20	20	20	semenatjaan	semenatjaan	
613	Malaienländer	Sumātra	50	50	50	limapuhlu	limapuhlu	
613	Singkel	Sumātra	50	50	50	limapuhlu	limapuhlu	
613	Banjak-Inseln	Inselgruppen weftlich von Sumātra	50	50	50	limafuhlu	limafuhlu	
613	Mentawej-Inseln	Inselgruppen weftlich von Sumātra	50	50	50	limongapulu	limongapulu	
613	Nias	Inselgruppen weftlich von Sumātra	50	50	50	limafuhlu	limafuhlu	
613	Engano	Inselgruppen weftlich von Sumātra	50	50	50	Aduai-takka-kahei-pulu	Aduai-takka-kahei-pulu	
613	Gorontalo	Selēbes	50	50	50	limolopulu	limolopulu	
613	Togean-Inseln	Selēbes	50	50	50	limopuiju	limopuiju	
613	Wammer	Aru-Inseln	50	50	50	limaferua	limaferua	
613	Wonumbai	Aru-Inseln	50	50	50	limaferua	limaferua	
613	Trangan	Aru-Inseln	50	50	50	limafafeirua	limafafeirua	
613	Koor	Südofter-Inseln	50	50	50	limapul	limapul	
613	Tijoor	Südofter-Inseln	50	50	50	limutja	limutja	
613	Watubella	Südofter-Inseln	50	50	50	lima utuha	lima utuha	
613	Goram	Südofter-Inseln	50	50	50	liemwutja	liemwutja	
613	Karufa	Neuguinea	50	50	50	siumput-rimi	siumput-rimi	
613	Nufoor	Neuguinea	50	50	50	samfur-di-rim	samfur-di-rim	
613	Andai	Neuguinea	50	50	50	remetau-meswai	remetau-meswai	
613	Malaienländer	Sumātra	9	9	9	sembielan	sembielan	
613	Singkel	Sumātra	9	9	9	siwah	siwah	
613	Banjak-Inseln	Inselgruppen weftlich von Sumātra	9	9	9	siwah	siwah	
613	Mentawej-Inseln	Inselgruppen weftlich von Sumātra	9	9	9	siwa	siwa	
613	Nias	Inselgruppen weftlich von Sumātra	9	9	9	siwa	siwa	
613	Engano	Inselgruppen weftlich von Sumātra	9	9	9	alieba-aoza	alieba-aoza	
613	Gorontalo	Selēbes	9	9	9	otiejo	otiejo	
613	Togean-Inseln	Selēbes	9	9	9	tjieo	tjieo	
613	Wammer	Aru-Inseln	9	9	9	téra	téra	
613	Wonumbai	Aru-Inseln	9	9	9	térei	térei	
613	Trangan	Aru-Inseln	9	9	9	sehra	sehra	
613	Koor	Südofter-Inseln	9	9	9	siwah	siwah	
613	Tijoor	Südofter-Inseln	9	9	9	sia	sla	sia
613	Watubella	Südofter-Inseln	9	9	9	sia	sia	
613	Goram	Südofter-Inseln	9	9	9	sia	sla	sia
613	Karufa	Neuguinea	9	9	9	rim-bahdi	rim-bahdi	
613	Nufoor	Neuguinea	9	9	9	siuh	siuh	
613	Andai	Neuguinea	9	9	9	kastaar	kastaar	
613	Hattam	Neuguinea	9	9	9	briwémenui	briwémenui	
